nom,module,categorie,defaut,source,juin,doute,min,max,pas,unite,surface,regle-proposee,note-agent,verdict,commentaire
DefaultBackoff,Deckle.Anytype,tuning-constant,TimeSpan.FromSeconds(1),src/Deckle.Anytype/Api/AnytypeApiClient.cs:40,non,Fallback only: used when the response omits Retry-After.,,,,s,aucune,1-robustesse,Retry backoff fallback used only when Retry-After is absent; pure robustness bound.,,
DefaultBaseUrl,Deckle.Anytype,tuning-constant,"""http://127.0.0.1:31012""",src/Deckle.Anytype/Backend/BackendHealthProbe.cs:22,non,,,,,,aucune,3-personnalisation,Local backend endpoint; ports and local endpoints are explicitly personalization territory.,,
ExecutablePath,Deckle.Anytype,tuning-constant,"Path.Combine(InstallDirectory, ""anytype.exe"")",src/Deckle.Anytype/Backend/BackendInstallation.cs:26,non,"Derived, not a constant: the real exposable is InstallDirectory (same file, line 22) which the sweep missed. Kept as the pointer to it.",,,,,aucune,3-personnalisation,"Pointer to InstallDirectory, an install location a user may legitimately relocate.",,
InitialBackoff,Deckle.Anytype,tuning-constant,TimeSpan.FromMilliseconds(25),src/Deckle.Anytype/Api/SpaceWriteLock.cs:29,non,Cross-process lock poll cadence; perceivable only as write latency under contention.,,,,ms,aucune,1-robustesse,"Cross-process lock poll cadence, an internal backoff bound.",,
MaxBackoff,Deckle.Anytype,tuning-constant,TimeSpan.FromMilliseconds(200),src/Deckle.Anytype/Api/SpaceWriteLock.cs:30,non,Same doubt as InitialBackoff; the pair moves together.,,,,ms,aucune,1-robustesse,Upper bound of the same lock backoff pair; moves with InitialBackoff.,,
MaxPreviews,Deckle.Anytype,tuning-constant,32,src/Deckle.Anytype/Gestures/SchemaPreviewStore.cs:5,non,,,,,count,aucune,1-robustesse,"Internal store capacity, a buffer-size bound.",,
MaxRetries,Deckle.Anytype,tuning-constant,1,src/Deckle.Anytype/Api/AnytypeApiClient.cs:39,non,,,,,count,aucune,1-robustesse,"Retry attempt count, textbook robustness constant.",,
PreviewLifetime,Deckle.Anytype,tuning-constant,TimeSpan.FromMinutes(15),src/Deckle.Anytype/Gestures/SchemaPreviewStore.cs:6,non,Perceivable: a schema preview silently expires past this window.,,,,min,aucune,1-robustesse,"Internal expiry window of a transient store; perceivable but a recovery/lifetime bound, not taste.",,
ProbeInterval,Deckle.Anytype,tuning-constant,TimeSpan.FromMilliseconds(500),src/Deckle.Anytype/Backend/BackendSupervisor.cs:46,non,,,,,ms,aucune,1-robustesse,"Health-probe cadence, internal robustness.",,
ProbeTimeout,Deckle.Anytype,tuning-constant,TimeSpan.FromSeconds(2),src/Deckle.Anytype/Backend/BackendHealthProbe.cs:28,non,,,,,s,aucune,1-robustesse,"Probe timeout, internal robustness.",,
ReadinessTimeout,Deckle.Anytype,tuning-constant,TimeSpan.FromSeconds(20),src/Deckle.Anytype/Backend/BackendSupervisor.cs:45,non,,,,,s,aucune,1-robustesse,"Startup readiness timeout, internal robustness.",,
StableUptime,Deckle.Anytype,tuning-constant,TimeSpan.FromMinutes(5),src/Deckle.Anytype/Backend/BackendSupervisor.cs:53,non,Reset threshold of the restart ladder; its sibling RestartBackoff array (line 51) was missed by the sweep and belongs with it.,,,,min,aucune,1-robustesse,"Restart-ladder reset threshold, part of the recovery machinery.",,
DefaultPort,Deckle.Anytype.Mcp,tuning-constant,33255,src/Deckle.Anytype.Mcp/Http/McpHttpHost.cs:34,non,,,,,,aucune,3-personnalisation,Local MCP endpoint port a user pastes into client config; local endpoints are personalization.,,
EndpointPath,Deckle.Anytype.Mcp,tuning-constant,"""/mcp""",src/Deckle.Anytype.Mcp/Http/McpHttpHost.cs:36,non,"Protocol path, but it is half of the BaseUrl a user pastes into an MCP client config; kept as the port's companion, drop if the port alone suffices.",,,,,aucune,3-personnalisation,Companion half of the BaseUrl the user configures; follows the port's classification.,,
SessionIdleLimit,Deckle.Anytype.Mcp,tuning-constant,TimeSpan.FromHours(24),src/Deckle.Anytype.Mcp/Http/McpHttpHost.cs:51,non,,,,,h,aucune,1-robustesse,"Session idle timeout, an internal resource-recovery bound.",,
EntryDrainBatchSize,Deckle.App,tuning-constant,256,src/Deckle.App/LogWindow.Model.cs:15,non,UI drain batching for the log window. Perceivable only as responsiveness under load; likely frozen-in-code rather than a setting.,,,,count,aucune,1-robustesse,"UI drain batch size, an internal buffer/cadence bound.",,
MaxEntries,Deckle.App,tuning-constant,5000,src/Deckle.App/LogWindow.Model.cs:96,non,"Sweep reports declaration 'field'; it is actually a method-local const inside the enqueue loop, so exposing it means hoisting it first. Value verified. User-perceivable: it caps log window scrollback.",,,,count,aucune,4-diagnostics,"Log window scrollback retention cap, an observability retention parameter.",,
SearchCollapseThreshold,Deckle.App,tuning-constant,520.0,src/Deckle.App/LogWindow.xaml.cs:72,non,"Responsive breakpoint (DIPs) at which the log window SearchBox collapses to an icon. Comment pins it to the Windows 11 Task Manager pattern — a design constant, probably not exposable.",,,,px,aucune,2-qualite,Design breakpoint pinned to the Task Manager pattern; UI craft tuning frozen in code.,,
SentenceJudgeMargin,Deckle.App,tuning-constant,1.0,src/Deckle.App/App.Autocorrect.cs:37,non,Strongest keeper of the batch. Comment documents a maintainer-decided precision/coverage tradeoff (92.2%/20.8% at 1.0 vs 90.8%/41.0% at 0.5) and says it is to be relaxed as the corpus grows. Per-export: must be recalibrated if the DML int4 export changes — so exposing it needs a per-export guard.,,,,,aucune,2-qualite,"Model-inference precision/coverage calibration, per-export recalibrated; quality tuning, not a user choice.",,
AudioFileDecoder.TargetBitsPerSample,Deckle.Audio,tuning-constant,32,src/Deckle.Audio/AudioFileDecoder.cs:31,non,Same frozen format contract.,,,,bits,aucune,1-robustesse,"Frozen pipeline format contract locked to the capture chain, an internal structural bound, not a knob.",,
AudioFileDecoder.TargetChannels,Deckle.Audio,tuning-constant,1,src/Deckle.Audio/AudioFileDecoder.cs:30,non,Same frozen format contract.,,,,count,aucune,1-robustesse,"Same frozen format contract as the sample rate; structural, frozen by default.",,
AudioFileDecoder.TargetSampleRate,Deckle.Audio,tuning-constant,16000,src/Deckle.Audio/AudioFileDecoder.cs:29,non,"Fixed pipeline format, locked to MicrophoneCapture; frozen contract, not a knob. Keep only as inventory trace.",,,,Hz,aucune,1-robustesse,16 kHz fixed pipeline format locked to MicrophoneCapture; a frozen internal contract.,,
AudioLevelMapper.DbfsCurveExponent,Deckle.Audio,tuning-constant,1.0f,src/Deckle.Audio/AudioLevelMapper.cs:74,oui,Runtime mirror of LevelWindowSettings.DbfsCurveExponent. Note the file comment still documents an older -40/-22/exp2.0 calibration - comment is stale vs the code.,,,,,aucune,2-qualite,"Runtime mirror of the persisted curve exponent; a dBFS curve shape is quality calibration, not explainable to a user.",,
AudioLevelMapper.EmaAlpha,Deckle.Audio,tuning-constant,0.25f,src/Deckle.Audio/AudioLevelMapper.cs:34,non,"Genuine unexposed tuning: HUD stroke smoothing tau ~0.15s. Public static mutable field, nothing writes it today.",,,,ratio,aucune,2-qualite,"HUD stroke smoothing constant, pure visual/DSP smoothing tuning.",,
AudioLevelMapper.MaxDbfs,Deckle.Audio,tuning-constant,-32f,src/Deckle.Audio/AudioLevelMapper.cs:73,oui,Runtime mirror of LevelWindowSettings.MaxDbfs.,,,,dBFS,aucune,2-qualite,"Runtime mirror of the level-window ceiling; dBFS calibration of the meter, quality tuning.",,
AudioLevelMapper.MinDbfs,Deckle.Audio,tuning-constant,-55f,src/Deckle.Audio/AudioLevelMapper.cs:72,oui,"Runtime mirror of LevelWindowSettings.MinDbfs (pushed at startup and on change). Same knob, second declaration site - dedupe against CaptureSettings.cs:58.",,,,dBFS,aucune,2-qualite,"Runtime mirror of the level-window floor; same dBFS calibration knob, second declaration site.",,
CaptureSettings.AudioInputDeviceId,Deckle.Audio,persisted-setting,-1,src/Deckle.Audio/CaptureSettings.cs:15,oui,June marks it bespoke (runtime waveIn enumeration). -1 = WAVE_MAPPER.,,,,,settings,3-personnalisation,"Microphone device selection is hardware choice, the canonical personalization case.",,
CaptureSettings.LevelWindow,Deckle.Audio,persisted-setting,new LevelWindowSettings(),src/Deckle.Audio/CaptureSettings.cs:25,oui,"Container property, not a knob - its five members are the exposables.",,,,,aucune,2-qualite,Container whose members are the dBFS calibration knobs; follows their quality classification.,,
CaptureSettings.MaxRecordingDurationSeconds,Deckle.Audio,persisted-setting,20 * 60 (1200 s),src/Deckle.Audio/CaptureSettings.cs:23,non,"Persisted, no UI found in the sweep scope. Sweep value string was the unevaluated expression; real default 1200. 0 = no cap.",,,,s,aucune,3-personnalisation,A recording-length cap varies by usage and is explainable in one sentence (longer cap = longer takes).,,
CaptureSettings.Preprocessing,Deckle.Audio,persisted-setting,new PreprocessingSettings(),src/Deckle.Audio/CaptureSettings.cs:34,oui,"Container property; the opt-in toggle is Preprocessing.Enabled, fine params live in the Playground.",,,,,aucune,3-personnalisation,Container whose exposable is the Enabled toggle in Settings > Recording; follows that toggle.,,
LevelWindowSettings.AutoCalibrationEnabled,Deckle.Audio,persisted-setting,false,src/Deckle.Audio/CaptureSettings.cs:61,oui,,,,,,settings,3-personnalisation,"An auto-adjust-to-your-mic toggle is explainable in one sentence, so personalization wins over the calibration reading.",,
LevelWindowSettings.AutoCalibrationSamples,Deckle.Audio,persisted-setting,5,src/Deckle.Audio/CaptureSettings.cs:62,oui,June lists the LevelWindow block but not this member explicitly; rolling-window size for the auto-calibration heuristic.,,,,count,aucune,2-qualite,"Rolling-window size of the auto-calibration heuristic, internal quality tuning of that feature.",,
LevelWindowSettings.DbfsCurveExponent,Deckle.Audio,persisted-setting,1.0f,src/Deckle.Audio/CaptureSettings.cs:60,oui,,0.3,3.0,0.05,,settings,2-qualite,"The maintainer's own tie-break example of a non-explainable knob; frozen in Settings, alive in Playground.",,
LevelWindowSettings.MaxDbfs,Deckle.Audio,persisted-setting,-32f,src/Deckle.Audio/CaptureSettings.cs:59,oui,,-60,-10,1,dBFS,settings,2-qualite,Meter ceiling calibration in dBFS; a DSP threshold no user can reason about in one sentence.,,
LevelWindowSettings.MinDbfs,Deckle.Audio,persisted-setting,-55f,src/Deckle.Audio/CaptureSettings.cs:58,oui,,-90,-10,1,dBFS,settings,2-qualite,Meter floor calibration in dBFS; same quality-calibration family as MaxDbfs.,,
MicLevelCheck.MarginalDeltaDb,Deckle.Audio,tuning-constant,2.0,src/Deckle.Audio/Preprocessing/MicLevelCheck.cs:30,non,Same provisional advice thresholds.,,,,dB,aucune,2-qualite,Provisional dB threshold shaping the mic-level advice; heuristic quality tuning.,,
MicLevelCheck.RecommendDeltaDb,Deckle.Audio,tuning-constant,6.0,src/Deckle.Audio/Preprocessing/MicLevelCheck.cs:26,non,Self-declared provisional engineer guess; decides the 'enable the lift' recommendation shown to the user.,,,,dB,aucune,2-qualite,"Engineer-guessed dB threshold deciding when the lift is recommended; quality heuristic, not a user knob.",,
MicLevelTester.DefaultMeasureSeconds,Deckle.Audio,tuning-constant,5,src/Deckle.Audio/MicLevelTester.cs:23,non,Duration of the Settings mic check - directly user-perceivable.,,,,s,aucune,2-qualite,Measurement duration tuning of the Settings mic check; no reason it varies per person.,,
MicrophoneCapture.N_BUFFERS,Deckle.Audio,tuning-constant,4,src/Deckle.Audio/MicrophoneCapture.cs:40,non,"waveIn buffer count - implementation detail, but it sets capture latency/robustness. Kept under doubt.",,,,count,aucune,1-robustesse,"waveIn buffer count is an internal latency/robustness buffer size, frozen by default.",,
MicrophoneTelemetryCalculator.SubWindowSamples,Deckle.Audio,tuning-constant,800,src/Deckle.Audio/Telemetry/MicrophoneTelemetryCalculator.cs:135,non,"800 samples = 50 ms @16 kHz; must stay in lock-step with WaveInLoop.SubWindowMs. Structural, not tunable.",,,,count,aucune,1-robustesse,"Structural cadence locked to WaveInLoop.SubWindowMs; an internal coupling, not tunable.",,
PreprocessingSettings.CompAttackMs,Deckle.Audio,persisted-setting,8f,src/Deckle.Audio/Preprocessing/PreprocessingSettings.cs:54,oui,,,,,ms,aucune,2-qualite,Compressor DSP time constant; Playground-only fine tuning per the CaptureSettings comment.,,
PreprocessingSettings.CompKneeDb,Deckle.Audio,persisted-setting,6f,src/Deckle.Audio/Preprocessing/PreprocessingSettings.cs:53,oui,,,,,dB,aucune,2-qualite,"Compressor knee width, pure DSP quality tuning kept in Playground.",,
PreprocessingSettings.CompRatio,Deckle.Audio,persisted-setting,2f,src/Deckle.Audio/Preprocessing/PreprocessingSettings.cs:52,oui,,,,,ratio,aucune,2-qualite,"Compressor ratio, DSP quality tuning, Playground territory.",,
PreprocessingSettings.CompReleaseMs,Deckle.Audio,persisted-setting,150f,src/Deckle.Audio/Preprocessing/PreprocessingSettings.cs:55,oui,,,,,ms,aucune,2-qualite,"Compressor release time constant, DSP quality tuning.",,
PreprocessingSettings.CompThresholdDbfs,Deckle.Audio,persisted-setting,-24f,src/Deckle.Audio/Preprocessing/PreprocessingSettings.cs:51,oui,,,,,dBFS,aucune,2-qualite,"Compressor threshold in dBFS, DSP quality tuning.",,
PreprocessingSettings.CompressorEnabled,Deckle.Audio,persisted-setting,true,src/Deckle.Audio/Preprocessing/PreprocessingSettings.cs:50,oui,,,,,,aucune,2-qualite,Per-stage DSP toggle behind the single Settings-facing Enabled switch; part of the frozen/Playground DSP block.,,
PreprocessingSettings.Enabled,Deckle.Audio,persisted-setting,false,src/Deckle.Audio/Preprocessing/PreprocessingSettings.cs:27,oui,The only Preprocessing knob in Settings > Recording; the rest are Playground-only per CaptureSettings comment.,,,,,settings,3-personnalisation,The one Settings-facing preprocessing toggle; cleaning up the mic signal is explainable in one sentence.,,
PreprocessingSettings.GateAttackMs,Deckle.Audio,persisted-setting,5f,src/Deckle.Audio/Preprocessing/PreprocessingSettings.cs:43,oui,,,,,ms,aucune,2-qualite,"Noise-gate attack time constant, DSP quality tuning.",,
PreprocessingSettings.GateEnabled,Deckle.Audio,persisted-setting,false,src/Deckle.Audio/Preprocessing/PreprocessingSettings.cs:40,oui,,,,,,aucune,2-qualite,"Per-stage gate toggle inside the frozen DSP block, Playground-only per doctrine.",,
PreprocessingSettings.GateRatio,Deckle.Audio,persisted-setting,2f,src/Deckle.Audio/Preprocessing/PreprocessingSettings.cs:42,oui,,,,,ratio,aucune,2-qualite,"Gate ratio, DSP quality tuning.",,
PreprocessingSettings.GateReleaseMs,Deckle.Audio,persisted-setting,150f,src/Deckle.Audio/Preprocessing/PreprocessingSettings.cs:44,oui,,,,,ms,aucune,2-qualite,"Gate release time constant, DSP quality tuning.",,
PreprocessingSettings.GateThresholdDbfs,Deckle.Audio,persisted-setting,-55f,src/Deckle.Audio/Preprocessing/PreprocessingSettings.cs:41,oui,,,,,dBFS,aucune,2-qualite,"Gate threshold in dBFS, DSP quality tuning.",,
PreprocessingSettings.HighPassEnabled,Deckle.Audio,persisted-setting,true,src/Deckle.Audio/Preprocessing/PreprocessingSettings.cs:33,oui,,,,,,aucune,2-qualite,Per-stage high-pass toggle inside the frozen DSP block.,,
PreprocessingSettings.HighPassHz,Deckle.Audio,persisted-setting,90f,src/Deckle.Audio/Preprocessing/PreprocessingSettings.cs:34,oui,,,,,Hz,aucune,2-qualite,"High-pass cutoff frequency, DSP quality tuning.",,
PreprocessingSettings.LimiterCeilingDbfs,Deckle.Audio,persisted-setting,-1f,src/Deckle.Audio/Preprocessing/PreprocessingSettings.cs:71,oui,,,,,dBFS,aucune,2-qualite,"Limiter ceiling in dBFS, DSP quality tuning.",,
PreprocessingSettings.LimiterEnabled,Deckle.Audio,persisted-setting,true,src/Deckle.Audio/Preprocessing/PreprocessingSettings.cs:70,oui,,,,,,aucune,2-qualite,Per-stage limiter toggle inside the frozen DSP block.,,
PreprocessingSettings.LimiterReleaseMs,Deckle.Audio,persisted-setting,50f,src/Deckle.Audio/Preprocessing/PreprocessingSettings.cs:72,oui,,,,,ms,aucune,2-qualite,"Limiter release time constant, DSP quality tuning.",,
PreprocessingSettings.MaxMakeupGainDb,Deckle.Audio,persisted-setting,24f,src/Deckle.Audio/Preprocessing/PreprocessingSettings.cs:65,oui,Makeup-gain pair; June flags the whole DSP block as frozen/Playground-only - confirm.,,,,dB,aucune,2-qualite,Makeup-gain cap; June flags the whole DSP block as frozen/Playground-only quality tuning.,,
PreprocessingSettings.TargetRmsDbfs,Deckle.Audio,persisted-setting,-20f,src/Deckle.Audio/Preprocessing/PreprocessingSettings.cs:64,oui,Makeup-gain pair; June flags the whole DSP block as frozen/Playground-only - confirm.,,,,dBFS,aucune,2-qualite,"Makeup-gain RMS target, quality calibration of the DSP chain.",,
TranscriptionPreprocessor.SampleRate,Deckle.Audio,tuning-constant,16000.0,src/Deckle.Audio/Preprocessing/TranscriptionPreprocessor.cs:42,non,Frozen module-wide capture format the DSP time constants depend on. Not a knob.,,,,Hz,aucune,1-robustesse,"Frozen module-wide capture format the DSP time constants depend on; structural, not a knob.",,
WaveInLoop.NormalVoiceDbfsThreshold,Deckle.Audio,tuning-constant,-45.0,src/Deckle.Audio/Internal/WaveInLoop.cs:102,non,"Method-local const. Drives the user-facing low-audio warning - user-perceivable, so kept.",,,,dBFS,aucune,2-qualite,dBFS threshold driving the low-audio warning heuristic; quality calibration even though its effect is visible.,,
WaveInLoop.NormalVoiceSustainedMs,Deckle.Audio,tuning-constant,200,src/Deckle.Audio/Internal/WaveInLoop.cs:103,non,Method-local const gating the same warning.,,,,ms,aucune,2-qualite,Sustain window gating the same low-audio warning heuristic; tuning of the detector.,,
WaveInLoop.SubWindowMs,Deckle.Audio,tuning-constant,50,src/Deckle.Audio/Internal/WaveInLoop.cs:382,non,Method-local const. Structural cadence: telemetry and MicrophoneTelemetryCalculator.SubWindowSamples=800 assume it. Not independently tunable.,,,,ms,aucune,1-robustesse,Structural internal cadence that telemetry and SubWindowSamples assume; not independently tunable.,,
WaveInLoop.WarnAfterSilenceMs,Deckle.Audio,tuning-constant,5000,src/Deckle.Audio/Internal/WaveInLoop.cs:104,non,Method-local const: delay before the low-audio warning fires.,,,,ms,aucune,2-qualite,"Delay before the low-audio warning fires; tuning of the same warning heuristic, kept coherent with its thresholds.",,
AutocorrectEngine.RollupPeriodMs,Deckle.Autocorrect,tuning-constant,`30_000`,src/Deckle.Autocorrect/Engine/AutocorrectEngine.cs:25,non,"Telemetry roll-up period. Diagnostic, not user-facing.",,,,ms,aucune,4-diagnostics,"Telemetry roll-up cadence, explicitly diagnostic and not user-facing.",,
AutocorrectSettings.Apps,Deckle.Autocorrect,persisted-setting,"`new(StringComparer.OrdinalIgnoreCase) { [""notepad""] = true }`",src/Deckle.Autocorrect/AutocorrectSettings.cs:17,oui,MISSED BY SWEEP (multi-line initializer). Non-composable per June: runtime-enumerated process list.,,,,,settings,3-personnalisation,"Per-app activation list is inherently per-user behavior, already a settings surface.",,
AutocorrectSettings.DomainPacks,Deckle.Autocorrect,persisted-setting,`new(StringComparer.Ordinal)`,src/Deckle.Autocorrect/AutocorrectSettings.cs:26,non,New since June. Empty map = undecided; DomainActivation falls back to the Windows language list. Bespoke UI (LexicalDomainsPage).,,,,,settings,3-personnalisation,Lexical domain choice varies per person; already has a bespoke settings page.,,
AutocorrectSettings.Enabled,Deckle.Autocorrect,persisted-setting,`true`,src/Deckle.Autocorrect/AutocorrectSettings.cs:12,oui,,,,,,"settings,tray",3-personnalisation,"Master on/off toggle, the canonical personal behavior setting.",,
AutocorrectSettings.EnrolledProcesses,Deckle.Autocorrect,legacy-deserialization,`null`,src/Deckle.Autocorrect/AutocorrectSettings.cs:37,non,"Legacy v1 allow-list, read once at OnDeserialized then nulled and never written back. Kind corrected from persisted-setting; never surfaced.",,,,,aucune,1-robustesse,"Legacy v1 migration shim read once and nulled; internal plumbing, frozen and never surfaced.",,
AutocorrectSettings.ExcludedWords,Deckle.Autocorrect,persisted-setting,`new()`,src/Deckle.Autocorrect/AutocorrectSettings.cs:31,non,New since June. Bespoke list editor (AutocorrectPage).,,,,,settings,3-personnalisation,"Personal exclusion list, per-user vocabulary with a bespoke list editor.",,
CaretParagraphContext.MaxParagraphLength,Deckle.Autocorrect,tuning-constant,`4096`,src/Deckle.Autocorrect/Recovery/CaretParagraphContext.cs:8,non,,,,,chars,aucune,1-robustesse,Internal buffer bound on recovered paragraph text.,,
CaretSentenceContext.MaxSentenceLength,Deckle.Autocorrect,tuning-constant,`512`,src/Deckle.Autocorrect/Recovery/CaretSentenceContext.cs:10,non,,,,,chars,aucune,1-robustesse,Internal buffer bound on recovered sentence text.,,
ConservativeTypoCorrector.ContextualFarMaxWordLength,Deckle.Autocorrect,tuning-constant,`5`,src/Deckle.Autocorrect/Engine/ConservativeTypoCorrector.cs:28,non,,,,,chars,aucune,2-qualite,Correction-tier calibration deciding which words qualify for far corrections.,,
ConservativeTypoCorrector.Edits2MaxWordLength,Deckle.Autocorrect,tuning-constant,`14`,src/Deckle.Autocorrect/Engine/ConservativeTypoCorrector.cs:209,non,Cost bound on the far tier; kept because it changes what gets corrected.,,,,chars,aucune,2-qualite,"Quality bound on the far tier; changes what gets corrected, a calibration.",,
ConservativeTypoCorrector.SentenceCandidateCap,Deckle.Autocorrect,tuning-constant,`4`,src/Deckle.Autocorrect/Engine/ConservativeTypoCorrector.cs:27,non,Perf/ambiguity bound; borderline exposable.,,,,count,aucune,2-qualite,"Perf/ambiguity cap shaping correction outcomes; tuning, not a user knob.",,
DisambiguatorOptions.LiteralBias,Deckle.Autocorrect,tuning-constant,`2.0`,src/Deckle.Autocorrect/Engine/BigramPairDisambiguator.cs:266,non,Not persisted.,,,,ratio,aucune,2-qualite,"Model-inference weight, pure quality calibration.",,
DisambiguatorOptions.MarginRatio,Deckle.Autocorrect,tuning-constant,`10.0`,src/Deckle.Autocorrect/Engine/BigramPairDisambiguator.cs:262,non,Kind corrected: NOT persisted. Only Deckle.Autocorrect.Lab/DataSet.cs:37 overrides it. Measured optimum of the 2026-06-13 eval matrix.,,,,ratio,aucune,2-qualite,Measured optimum from the eval matrix; classic frozen calibration.,,
DisambiguatorOptions.MaxContextOrder,Deckle.Autocorrect,tuning-constant,`3`,src/Deckle.Autocorrect/Engine/BigramPairDisambiguator.cs:274,non,Not persisted.,,,,count,aucune,2-qualite,"N-gram context depth, inference quality tuning.",,
DisambiguatorOptions.MinEvidence,Deckle.Autocorrect,tuning-constant,`5`,src/Deckle.Autocorrect/Engine/BigramPairDisambiguator.cs:269,non,Not persisted.,,,,count,aucune,2-qualite,"Evidence threshold for the disambiguator, quality calibration.",,
GlobalEnglishLexicon.OverlayFrequency,Deckle.Autocorrect,tuning-constant,`1.0`,src/Deckle.Autocorrect/Lexicon/GlobalEnglishLexicon.cs:11,non,"Weight of the restricted English literal overlay, i.e. the 'lexique anglais restreint' of the arbitrated correcteur contract.",,,,per-million,aucune,2-qualite,Weight of the arbitrated English overlay; calibration tied to a frozen decision.,,
PersonalDictionary.MaxWords,Deckle.Autocorrect,tuning-constant,`5000`,src/Deckle.Autocorrect/Learning/PersonalDictionary.cs:16,non,Personal dictionary capacity.,,,,count,aucune,1-robustesse,"Capacity cap on the personal dictionary store, an internal bound.",,
PersonalDictionary.RequiredCleanOccurrences,Deckle.Autocorrect,tuning-constant,`3`,src/Deckle.Autocorrect/Learning/PersonalDictionary.cs:14,non,How fast a typed literal is adopted into the personal lexicon; strongly user-perceivable.,,,,count,aucune,2-qualite,"Adoption-speed gate is precision/recall calibration of learning, not a personal preference axis.",,
PersonalDictionary.RequiredDistinctDays,Deckle.Autocorrect,tuning-constant,`2`,src/Deckle.Autocorrect/Learning/PersonalDictionary.cs:15,non,Same adoption gate.,,,,days,aucune,2-qualite,Same adoption gate; moves with RequiredCleanOccurrences as one calibration.,,
PersonalWordAdmission.FrenchCollisionFloorPerMillion,Deckle.Autocorrect,tuning-constant,`1.0`,src/Deckle.Autocorrect/Learning/PersonalWordAdmission.cs:15,non,Mirrors RestorerOptions.MinDominantFrequencyPerMillion by intent; coupled constants that would have to move together.,,,,per-million,aucune,2-qualite,Coupled to RestorerOptions.MinDominantFrequencyPerMillion; frozen quality calibration.,,
QwertyAdjacency.Rows,Deckle.Autocorrect,tuning-constant,"`[""qwertyuiop"", ""asdfghjkl"", ""zxcvbnm""]`",src/Deckle.Autocorrect/Engine/QwertyAdjacency.cs:10,non,DOUBT: a hardcoded QWERTY layout drives the physical-slip model. An AZERTY typist gets a mismatched adjacency map. Either a real exposable (keyboard layout) or a defect.,,,,,aucune,3-personnalisation,"Keyboard layout genuinely varies per user (AZERTY vs QWERTY); today a hardcoded defect, but the exposable is layout selection.",,
RestorerOptions.CorrectValidFormsWithContext,Deckle.Autocorrect,tuning-constant,`false`,src/Deckle.Autocorrect/Engine/RestorerOptions.cs:46,non,"Eval-only flag by doctrine; Lab/Playground territory, not Settings.",,,,,aucune,5-playground,"Eval-only flag by doctrine, explicitly Lab/Playground territory.",,
RestorerOptions.DominanceRatio,Deckle.Autocorrect,tuning-constant,`20.0`,src/Deckle.Autocorrect/Engine/RestorerOptions.cs:19,non,Not persisted.,,,,ratio,aucune,2-qualite,"Restorer frequency-dominance calibration, not persisted.",,
RestorerOptions.GuardCapitalizedMidSentence,Deckle.Autocorrect,tuning-constant,`false`,src/Deckle.Autocorrect/Engine/RestorerOptions.cs:54,non,"Proper-noun guard, off by default. Plausibly a real user-perceivable knob.",,,,,aucune,2-qualite,"Proper-noun guard is a precision/coverage calibration, not a per-person axis.",,
RestorerOptions.MinCandidateFrequencyPerMillion,Deckle.Autocorrect,tuning-constant,`0.0`,src/Deckle.Autocorrect/Engine/RestorerOptions.cs:27,non,Not persisted.,,,,per-million,aucune,2-qualite,"Rarity gate on candidates, quality calibration.",,
RestorerOptions.MinCandidateFrequencyRatio,Deckle.Autocorrect,tuning-constant,`0.01`,src/Deckle.Autocorrect/Engine/RestorerOptions.cs:41,non,"Not persisted. Sentence-stage rarity gate, empirically grounded (100x floor over the maintainer's corpus).",,,,ratio,aucune,2-qualite,"Empirically grounded rarity gate over the maintainer corpus, frozen calibration.",,
RestorerOptions.MinDominantFrequencyPerMillion,Deckle.Autocorrect,tuning-constant,`1.0`,src/Deckle.Autocorrect/Engine/RestorerOptions.cs:23,non,Not persisted.,,,,per-million,aucune,2-qualite,"Dominance floor, quality calibration coupled to the admission floor.",,
RestorerOptions.MinWordLength,Deckle.Autocorrect,tuning-constant,`2`,src/Deckle.Autocorrect/Engine/RestorerOptions.cs:15,non,Kind corrected: NOT persisted. RestorerOptions is constructed with defaults in the live engine (DiacriticsRestorer.cs:48); only the offline eval overrides it.,,,,chars,aucune,2-qualite,Eligibility calibration; only the offline eval ever overrides it.,,
SentenceProposalGate.AbsoluteEditCap,Deckle.Autocorrect,tuning-constant,`24`,src/Deckle.Autocorrect/Engine/SentenceProposalGate.cs:13,non,Safety budget.,,,,count,aucune,1-robustesse,"Safety budget bounding proposal edits, internal robustness.",,
SentenceProposalGate.MaxBackspaces,Deckle.Autocorrect,tuning-constant,`160`,src/Deckle.Autocorrect/Engine/SentenceProposalGate.cs:11,non,Safety budget.,,,,count,aucune,1-robustesse,"Safety budget on emitted backspaces, internal robustness.",,
SentenceProposalGate.MaxInsertedChars,Deckle.Autocorrect,tuning-constant,`192`,src/Deckle.Autocorrect/Engine/SentenceProposalGate.cs:12,non,Safety budget.,,,,chars,aucune,1-robustesse,"Safety budget on inserted characters, internal robustness.",,
SentenceProposalGate.MaxTextLength,Deckle.Autocorrect,tuning-constant,`512`,src/Deckle.Autocorrect/Engine/SentenceProposalGate.cs:10,non,Safety budget for whole-sentence proposals; arguably frozen-by-doctrine rather than a knob.,,,,chars,aucune,1-robustesse,Safety budget on proposal scope; frozen-by-doctrine bound.,,
SentenceProposalGate.RelativeEditCap,Deckle.Autocorrect,tuning-constant,`0.15`,src/Deckle.Autocorrect/Engine/SentenceProposalGate.cs:14,non,Safety budget.,,,,ratio,aucune,1-robustesse,Safety budget ratio bounding rewrite extent.,,
SentenceRerankCoordinator.BufferCap,Deckle.Autocorrect,tuning-constant,`40`,src/Deckle.Autocorrect/Engine/SentenceRerankCoordinator.cs:65,non,,,,,count,aucune,1-robustesse,Internal buffer size on the rerank pipeline.,,
SentenceRerankCoordinator.ContextWindow,Deckle.Autocorrect,tuning-constant,`12`,src/Deckle.Autocorrect/Engine/SentenceRerankCoordinator.cs:69,non,Words each side handed to the masked-LM; latency/quality trade.,,,,words,aucune,2-qualite,"Latency/quality trade handed to the masked-LM, inference tuning.",,
SentenceRerankCoordinator.MaxRewriteTailChars,Deckle.Autocorrect,tuning-constant,`256`,src/Deckle.Autocorrect/Engine/SentenceRerankCoordinator.cs:78,non,Intrusiveness bound; user-perceivable.,,,,chars,aucune,1-robustesse,"Intrusiveness safety bound on how far a rewrite reaches back, kin to the proposal-gate budgets.",,
SentenceRerankCoordinator.MaxSentenceEditCandidates,Deckle.Autocorrect,tuning-constant,`12`,src/Deckle.Autocorrect/Engine/SentenceRerankCoordinator.cs:83,non,,,,,count,aucune,2-qualite,Candidate-count cap shaping rerank quality vs cost.,,
SentenceRerankCoordinator.SentenceEnders,Deckle.Autocorrect,tuning-constant,"`{ '.', '!', '?', '…' }`",src/Deckle.Autocorrect/Engine/SentenceRerankCoordinator.cs:87,non,"Linguistic table; kept in doubt, arguably frozen.",,,,,aucune,2-qualite,"Linguistic table, frozen calibration of sentence segmentation.",,
SentenceRerankCoordinator.SeparatorRunCap,Deckle.Autocorrect,tuning-constant,`8`,src/Deckle.Autocorrect/Engine/SentenceRerankCoordinator.cs:73,non,"Deliberate duplicate of TypedWordTracker.SeparatorRunCap (comment says 'mirrors'). Two declaration sites, one knob.",,,,count,aucune,1-robustesse,"Mirror of the tracker's internal run cap; one internal bound, two sites.",,
TypedWordTracker.BufferCap,Deckle.Autocorrect,tuning-constant,`64`,src/Deckle.Autocorrect/Tracking/TypedWordTracker.cs:25,non,,,,,count,aucune,1-robustesse,Internal tracking buffer size.,,
TypedWordTracker.SeparatorRunCap,Deckle.Autocorrect,tuning-constant,`8`,src/Deckle.Autocorrect/Tracking/TypedWordTracker.cs:55,non,Canonical site; SentenceRerankCoordinator.SeparatorRunCap duplicates it.,,,,count,aucune,1-robustesse,Canonical internal run cap; robustness bound on tracking.,,
TypingStream.RunCap,Deckle.Autocorrect,tuning-constant,`512`,src/Deckle.Autocorrect/Tracking/TypingStream.cs:47,non,,,,,count,aucune,1-robustesse,Internal stream buffer bound.,,
TypoOptions.DominanceRatio,Deckle.Autocorrect,tuning-constant,`5.0`,src/Deckle.Autocorrect/Engine/TypoOptions.cs:27,non,Not persisted.,,,,ratio,aucune,2-qualite,Frequency-dominance calibration of the typo tier.,,
TypoOptions.Edits2DominanceRatio,Deckle.Autocorrect,tuning-constant,`12.0`,src/Deckle.Autocorrect/Engine/TypoOptions.cs:43,non,Not persisted.,,,,ratio,aucune,2-qualite,Stricter dominance calibration for distance-2 corrections.,,
TypoOptions.Edits2MinFrequencyPerMillion,Deckle.Autocorrect,tuning-constant,`30.0`,src/Deckle.Autocorrect/Engine/TypoOptions.cs:39,non,Not persisted.,,,,per-million,aucune,2-qualite,"Frequency floor for distance-2 candidates, calibration.",,
TypoOptions.Edits2MinWordLength,Deckle.Autocorrect,tuning-constant,`6`,src/Deckle.Autocorrect/Engine/TypoOptions.cs:35,non,Not persisted.,,,,chars,aucune,2-qualite,Eligibility calibration for distance-2 corrections.,,
TypoOptions.MaxEditDistance,Deckle.Autocorrect,tuning-constant,`2`,src/Deckle.Autocorrect/Engine/TypoOptions.cs:31,non,Not persisted. Closest thing to a user-facing correction-aggressiveness dial.,,,,edits,aucune,frontiere,"Reads as a correction-aggressiveness dial explainable in one sentence (deeper search = more catches, more risk), yet the parameter itself is an edit-distance calibration entangled with all the frequency gates; the tie-break does not clearly resolve which reading governs.",,
TypoOptions.MinFrequencyPerMillion,Deckle.Autocorrect,tuning-constant,`2.0`,src/Deckle.Autocorrect/Engine/TypoOptions.cs:23,non,Not persisted.,,,,per-million,aucune,2-qualite,"Candidate frequency floor, quality calibration.",,
TypoOptions.MinWordLength,Deckle.Autocorrect,tuning-constant,`3`,src/Deckle.Autocorrect/Engine/TypoOptions.cs:19,non,Kind corrected: NOT persisted. Defaults-only in ConservativeTypoCorrector.cs:62.,,,,chars,aucune,2-qualite,"Eligibility calibration, defaults-only in the live corrector.",,
UIAutomationCaretTextReader.InitialSettle,Deckle.Autocorrect,tuning-constant,`TimeSpan.FromMilliseconds(35)`,src/Deckle.Autocorrect/Recovery/CaretTextReader.cs:16,non,Latency knob for UIA sampling; perceivable as responsiveness.,,,,ms,aucune,1-robustesse,"Internal settle wait before UIA sampling, a timing robustness bound.",,
UIAutomationCaretTextReader.MaxCharacters,Deckle.Autocorrect,tuning-constant,`1024`,src/Deckle.Autocorrect/Recovery/CaretTextReader.cs:15,non,,,,,chars,aucune,1-robustesse,Internal read buffer bound for UIA text.,,
UIAutomationCaretTextReader.VerificationGap,Deckle.Autocorrect,tuning-constant,`TimeSpan.FromMilliseconds(75)`,src/Deckle.Autocorrect/Recovery/CaretTextReader.cs:17,non,Latency knob.,,,,ms,aucune,1-robustesse,"Internal verification delay, timing robustness.",,
WordBoundaries.RightSingleQuote,Deckle.Autocorrect,tuning-constant,`'’'`,src/Deckle.Autocorrect/Tracking/WordBoundaries.cs:19,non,"Typographic apostrophe; frozen linguistic fact, kept only for doubt.",,,,,aucune,2-qualite,Frozen linguistic fact folded into segmentation quality; no other rule fits a linguistic constant.,,
DataSet.EnglishFile,Deckle.Autocorrect.Lab,tuning-constant,"`""lexicon-en.tsv.gz""`",src/Deckle.Autocorrect.Lab/DataSet.cs:14,non,"Dataset artifact filename, not a tuning knob; kept because it names which lexicon the Lab reads.",,,,,aucune,5-playground,Lab dataset artifact name; exists only for the offline Lab pipeline.,,
DataSet.FrenchFile,Deckle.Autocorrect.Lab,tuning-constant,"`""lexicon-fr.tsv.gz""`",src/Deckle.Autocorrect.Lab/DataSet.cs:13,non,"Dataset artifact filename, not a tuning knob; kept because it names which lexicon the Lab reads.",,,,,aucune,5-playground,"Lab dataset artifact name, no life outside the Lab.",,
DataSet.PairFile,Deckle.Autocorrect.Lab,tuning-constant,"`""pair-bigrams-fr.tsv.gz""`",src/Deckle.Autocorrect.Lab/DataSet.cs:15,non,"Dataset artifact filename, not a tuning knob; kept because it names which pair model the Lab reads.",,,,,aucune,5-playground,"Lab dataset artifact name, no life outside the Lab.",,
DataSet.VerbsFile,Deckle.Autocorrect.Lab,tuning-constant,"`""verbs-fr.tsv.gz""`",src/Deckle.Autocorrect.Lab/DataSet.cs:16,non,"Dataset artifact filename, not a tuning knob; kept because it names which verb table the Lab reads.",,,,,aucune,5-playground,"Lab dataset artifact name, no life outside the Lab.",,
DomainPackBuilder.FloorFrequencyPerMillion,Deckle.Autocorrect.Lab,tuning-constant,`0.2`,src/Deckle.Autocorrect.Lab/DomainPackBuilder.cs:32,non,,,,,per-million,aucune,5-playground,"Offline pack-build threshold, Lab-only staging.",,
DomainPackBuilder.MaskingExclusionPerMillion,Deckle.Autocorrect.Lab,tuning-constant,`20.0`,src/Deckle.Autocorrect.Lab/DomainPackBuilder.cs:38,non,,,,,per-million,aucune,5-playground,"Offline pack-build threshold, Lab-only staging.",,
DomainPackBuilder.MaskingGrayZonePerMillion,Deckle.Autocorrect.Lab,tuning-constant,`1.0`,src/Deckle.Autocorrect.Lab/DomainPackBuilder.cs:39,non,,,,,per-million,aucune,5-playground,"Offline pack-build threshold, Lab-only staging.",,
EvaluatorOptions.MaxTokens,Deckle.Autocorrect.Lab,default-value,`0`,src/Deckle.Autocorrect.Lab/RestorationEvaluator.cs:414,non,,,,,tokens,aucune,5-playground,"Offline evaluator option, Lab-only.",,
HarvestFilter.MaxTokenLength,Deckle.Autocorrect.Lab,tuning-constant,`24`,src/Deckle.Autocorrect.Lab/HarvestFilter.cs:20,non,,,,,chars,aucune,5-playground,"Harvest filtering bound, Lab-only instrumentation.",,
HarvestStore.DebounceMs,Deckle.Autocorrect.Lab,tuning-constant,`1000`,src/Deckle.Autocorrect.Lab/HarvestStore.cs:21,non,,,,,ms,aucune,5-playground,Debounce inside the Lab harvest store; a robustness shape but with no life outside the Lab.,,
LexiconBuilder.MorphalouEpsilonPerMillion,Deckle.Autocorrect.Lab,tuning-constant,`0.001`,src/Deckle.Autocorrect.Lab/LexiconBuilder.cs:25,non,,,,,per-million,aucune,5-playground,"Offline lexicon-build epsilon, Lab-only staging.",,
MiningResult.ExamplesPerFamily,Deckle.Autocorrect.Lab,tuning-constant,`8`,src/Deckle.Autocorrect.Lab/Mining/MistouchMiner.cs:71,non,,,,,count,aucune,5-playground,"Mining report sizing, Lab-only instrumentation.",,
PairModelTrainer.SentenceBreaks,Deckle.Autocorrect.Lab,tuning-constant,"`{ '.', '!', '?', ';', ':', '…' }`",src/Deckle.Autocorrect.Lab/PairModelTrainer.cs:29,non,,,,,,aucune,5-playground,"Trainer segmentation table, Lab-only.",,
ReplayRunner.DefaultThresholds,Deckle.Autocorrect.Lab,tuning-constant,"`{ 0.0, 0.25, 0.5, 1.0, 1.5, 2.0, 3.0, 5.0 }`",src/Deckle.Autocorrect.Lab/Replay/ReplayRunner.cs:27,non,,,,,,aucune,5-playground,"Replay sweep grid, pure Lab instrumentation.",,
RestorationEvaluator.SentenceBreaks,Deckle.Autocorrect.Lab,tuning-constant,"`{ '.', '!', '?', ';', ':', '…' }`",src/Deckle.Autocorrect.Lab/RestorationEvaluator.cs:24,non,,,,,,aucune,5-playground,"Evaluator segmentation table, Lab-only.",,
SurfaceProfiler.minTimedSentences,Deckle.Autocorrect.Lab,tuning-constant,`30`,src/Deckle.Autocorrect.Lab/Profiling/SurfaceProfiler.cs:45,non,"Method-local const, not a field as the sweep claimed; declaration corrected to local.",,,,count,aucune,5-playground,"Profiler sample floor, Lab-only instrumentation.",,
TrainerOptions.MaxOrder,Deckle.Autocorrect.Lab,default-value,`3`,src/Deckle.Autocorrect.Lab/PairModelTrainer.cs:243,non,,,,,count,aucune,5-playground,"Offline trainer option, Lab-only.",,
TrainerOptions.MaxPrevPerSlot,Deckle.Autocorrect.Lab,default-value,`64`,src/Deckle.Autocorrect.Lab/PairModelTrainer.cs:239,non,,,,,count,aucune,5-playground,"Offline trainer option, Lab-only.",,
TrainerOptions.MinPairCount,Deckle.Autocorrect.Lab,default-value,`3`,src/Deckle.Autocorrect.Lab/PairModelTrainer.cs:234,non,,,,,count,aucune,5-playground,"Offline trainer option, Lab-only.",,
TruthOverlay.FileName,Deckle.Autocorrect.Lab,tuning-constant,"`""autocorrect.truth-review.md""`",src/Deckle.Autocorrect.Lab/Replay/TruthOverlay.cs:33,non,"Output artifact filename of the truth-review overlay; borderline, no tuning effect.",,,,,aucune,5-playground,"Truth-review output filename, Lab-only artifact naming.",,
AssetFile.BaseUrl,Deckle.Autocorrect.Mlm,tuning-constant,"`""https://huggingface.co/Xenova/camembert-base/resolve/main""`",src/Deckle.Autocorrect.Mlm/CamembertAssets.cs:30,non,"Remote asset origin (HuggingFace). Network-facing default, relevant to the local-compute doctrine.",,,,,aucune,3-personnalisation,"Model-asset origin is an endpoint/model-source choice (local mirror vs HuggingFace), the personalization category for endpoints; also touches the local-compute doctrine.",,
CamembertAssets.DirectoryName,Deckle.Autocorrect.Mlm,tuning-constant,"`""camembert-base""`",src/Deckle.Autocorrect.Mlm/CamembertAssets.cs:22,non,,,,,,aucune,1-robustesse,"Internal on-disk path constant, plumbing not a knob.",,
CamembertSentenceReranker.FreqFloor,Deckle.Autocorrect.Mlm,tuning-constant,`0.01`,src/Deckle.Autocorrect.Mlm/CamembertSentenceReranker.cs:28,non,,,,,,aucune,2-qualite,"Inference frequency floor, model-quality calibration.",,
MlmProbe.SentenceBreaks,Deckle.Autocorrect.Mlm,tuning-constant,"`{ '.', '!', '?', ';', ':', '…', '\n' }`",src/Deckle.Autocorrect.Mlm/MlmProbe.cs:38,non,,,,,,aucune,4-diagnostics,"Lives in the MlmProbe test tool, an observability/probe instrument rather than the live engine.",,
OnnxSlotReranker.MinSentenceWordTokens,Deckle.Autocorrect.Onnx,tuning-constant,`4`,src/Deckle.Autocorrect.Onnx/OnnxSlotReranker.cs:26,non,,,,,tokens,aucune,2-qualite,"Minimum-token gate on ONNX reranking, inference quality calibration.",,
AnticipationLeadOracle.DecisionBudgetsMilliseconds,Deckle.Autocorrect.Probe,tuning-constant,"[50, 100, 150, 250, 500, 945]",src/Deckle.Autocorrect.Probe/AnticipationLeadOracleCommand.cs:79,non,,,,,ms,aucune,5-playground,Experiment budget matrix for an offline probe run; no life outside the probe harness.,,
AnticipationLeadOracle.TriggerDelaysMilliseconds,Deckle.Autocorrect.Probe,tuning-constant,"[0, 50, 100, 150, 250]",src/Deckle.Autocorrect.Probe/AnticipationLeadOracleCommand.cs:80,non,,,,,ms,aucune,5-playground,"Probe experiment delay grid, pure staging input for the oracle run.",,
AnticipationTransactionJoinCommand.TerminalBranches,Deckle.Autocorrect.Probe,tuning-constant,"['.', '?', '!', '…']",src/Deckle.Autocorrect.Probe/AnticipationTransactionJoinCommand.cs:18,non,"Terminal punctuation set driving branch policy; linguistic, shared with the Mlm/Lab sentence-break sets.",,,,,aucune,5-playground,Linguistic branch set feeding one probe command only.,,
AnticipationTransactionJoinCommand.TriggerDelaysMilliseconds,Deckle.Autocorrect.Probe,tuning-constant,"[0, 50, 100]",src/Deckle.Autocorrect.Probe/AnticipationTransactionJoinCommand.cs:17,non,,,,,ms,aucune,5-playground,Probe-only trigger delay grid for the join experiment.,,
CorrectionBenchmarkCommand.PrimaryThreshold,Deckle.Autocorrect.Probe,tuning-constant,0.25,src/Deckle.Autocorrect.Probe/CorrectionBenchmarkCommand.cs:9,non,,,,,ratio,aucune,5-playground,Benchmark protocol threshold used only by the probe command.,,
ProbeArguments.Provider,Deckle.Autocorrect.Probe,default-value,"""dml""",src/Deckle.Autocorrect.Probe/ProbeArguments.cs:46,non,,,,,,aucune,5-playground,CLI default for the probe's execution provider; instrumentation-only surface.,,
QwenAdapterCompatibilityPlanReader.FrozenExperimentId,Deckle.Autocorrect.Probe,tuning-constant,"""ACX-0023""",src/Deckle.Autocorrect.Probe/QwenAdapterCompatibilityPlan.cs:91,non,"Frozen experiment identity pin (ACX-0023), not a knob; kept because it pins what the probe runs.",,,,,aucune,5-playground,Experiment identity pin (ACX-0023) with meaning only inside the probe protocol.,,
QwenAdapterCompatibilityPlanReader.FrozenPhase,Deckle.Autocorrect.Probe,tuning-constant,"""A""",src/Deckle.Autocorrect.Probe/QwenAdapterCompatibilityPlan.cs:92,non,"Frozen experiment identity pin, not a knob.",,,,,aucune,5-playground,"Frozen experiment phase pin, probe protocol only.",,
QwenAdapterCompatibilityPlanReader.FrozenProvider,Deckle.Autocorrect.Probe,tuning-constant,"""cpu""",src/Deckle.Autocorrect.Probe/QwenAdapterCompatibilityPlan.cs:93,non,"Frozen execution provider (cpu) for the compatibility plan; a real choice, frozen by protocol.",,,,,aucune,5-playground,"Provider frozen by the experiment protocol; a probe pin, not a user choice.",,
QwenAdapterCompatibilityPlanReader.FrozenRepository,Deckle.Autocorrect.Probe,tuning-constant,"""Qwen/Qwen3-0.6B""",src/Deckle.Autocorrect.Probe/QwenAdapterCompatibilityPlan.cs:94,non,"Frozen base model repository; a real choice, frozen by protocol.",,,,,aucune,5-playground,Base model repo frozen by protocol for reproducibility of the probe.,,
QwenAdapterCompatibilityPlanReader.FrozenRevision,Deckle.Autocorrect.Probe,tuning-constant,"""c1899de289a04d12100db370d81485cdf75e47ca""",src/Deckle.Autocorrect.Probe/QwenAdapterCompatibilityPlan.cs:95,non,"Frozen base model revision hash; a real choice, frozen by protocol.",,,,,aucune,5-playground,Revision hash pin ensuring probe reproducibility; no life outside it.,,
QwenAdapterResourceSampler.QuiescenceMilliseconds,Deckle.Autocorrect.Probe,tuning-constant,250,src/Deckle.Autocorrect.Probe/QwenAdapterResourceSampler.cs:32,non,,,,,ms,aucune,5-playground,Sampler settle time inside the probe's resource measurement only.,,
QwenAdapterResourceSampler.SamplePeriodMilliseconds,Deckle.Autocorrect.Probe,tuning-constant,50,src/Deckle.Autocorrect.Probe/QwenAdapterResourceSampler.cs:31,non,,,,,ms,aucune,5-playground,Probe-internal sampling cadence for resource measurement.,,
SentenceBatchExperimentCommand.StabilityThresholds,Deckle.Autocorrect.Probe,tuning-constant,"[0.0, 0.5, 1.0]",src/Deckle.Autocorrect.Probe/SentenceBatchExperimentCommand.cs:9,non,,,,,ratio,aucune,5-playground,Threshold sweep grid for a probe experiment.,,
SentenceBatchExperimentFixture.LatencyBlocks,Deckle.Autocorrect.Probe,tuning-constant,5,src/Deckle.Autocorrect.Probe/SentenceBatchExperimentFixture.cs:6,non,,,,,count,aucune,5-playground,Fixture block count of the batch experiment protocol.,,
SentenceBatchExperimentFixture.MaximumMedianBlockRatio,Deckle.Autocorrect.Probe,tuning-constant,0.75,src/Deckle.Autocorrect.Probe/SentenceBatchExperimentFixture.cs:7,non,,,,,ratio,aucune,5-playground,"Pass/fail criterion of the experiment fixture, probe-only.",,
SentenceBatchExperimentFixture.MinimumFasterBlocks,Deckle.Autocorrect.Probe,tuning-constant,4,src/Deckle.Autocorrect.Probe/SentenceBatchExperimentFixture.cs:8,non,,,,,count,aucune,5-playground,Fixture acceptance criterion for the probe run.,,
SentenceBatchExperimentFixture.SecondaryLatencyReferenceMilliseconds,Deckle.Autocorrect.Probe,tuning-constant,300.0,src/Deckle.Autocorrect.Probe/SentenceBatchExperimentFixture.cs:9,non,,,,,ms,aucune,5-playground,Latency reference used only to judge the probe experiment.,,
SentenceBatchExperimentFixture.WarmupPairs,Deckle.Autocorrect.Probe,tuning-constant,2,src/Deckle.Autocorrect.Probe/SentenceBatchExperimentFixture.cs:5,non,,,,,count,aucune,5-playground,Warmup count of the experiment fixture.,,
SentenceCalibrationFixture.CalibrationBlocksPerStratum,Deckle.Autocorrect.Probe,tuning-constant,16,src/Deckle.Autocorrect.Probe/SentenceCalibrationFixture.cs:6,non,,,,,count,aucune,5-playground,"Calibration protocol size, probe-only staging.",,
SentenceCalibrationFixture.CalibrationCandidateCounts,Deckle.Autocorrect.Probe,tuning-constant,[2],src/Deckle.Autocorrect.Probe/SentenceCalibrationFixture.cs:8,non,,,,,count,aucune,5-playground,Candidate-count grid for the calibration fixture.,,
SentenceCalibrationFixture.OrdinaryRounds,Deckle.Autocorrect.Probe,tuning-constant,20,src/Deckle.Autocorrect.Probe/SentenceCalibrationFixture.cs:5,non,,,,,count,aucune,5-playground,Round count of the calibration protocol.,,
SentenceCanonicalLatencyCommand.Rounds,Deckle.Autocorrect.Probe,tuning-constant,20,src/Deckle.Autocorrect.Probe/SentenceCanonicalLatencyCommand.cs:9,non,,,,,count,aucune,5-playground,Measurement round count for the canonical latency probe.,,
SentenceDecisionInventory.SourceCorpus,Deckle.Autocorrect.Probe,tuning-constant,"""public_visible_development""",src/Deckle.Autocorrect.Probe/SentenceDecisionInventory.cs:8,non,Corpus selector string; identifies which corpus the inventory measures.,,,,,aucune,5-playground,Corpus selector naming what the inventory probe measures.,,
SentenceDecisionInventoryCommand.MeasuredEvaluationCount,Deckle.Autocorrect.Probe,tuning-constant,10_000,src/Deckle.Autocorrect.Probe/SentenceDecisionInventoryCommand.cs:11,non,,,,,count,aucune,5-playground,Evaluation count of the inventory measurement protocol.,,
SentenceDecisionInventoryCommand.Seed,Deckle.Autocorrect.Probe,tuning-constant,20260730,src/Deckle.Autocorrect.Probe/SentenceDecisionInventoryCommand.cs:9,non,,,,,,aucune,5-playground,Reproducibility seed for the probe run.,,
SentenceDecisionInventoryCommand.WarmupEvaluationCount,Deckle.Autocorrect.Probe,tuning-constant,1_000,src/Deckle.Autocorrect.Probe/SentenceDecisionInventoryCommand.cs:10,non,,,,,count,aucune,5-playground,Warmup count of the measurement protocol.,,
SentenceOrderAblationCommand.StabilityThresholds,Deckle.Autocorrect.Probe,tuning-constant,"[0.0, 0.5, 1.0]",src/Deckle.Autocorrect.Probe/SentenceOrderAblationCommand.cs:9,non,,,,,ratio,aucune,5-playground,Threshold grid for the ablation experiment.,,
SentenceOrderAblationFixture.ContinuousHotForwardP95ReferenceMilliseconds,Deckle.Autocorrect.Probe,tuning-constant,300.0,src/Deckle.Autocorrect.Probe/SentenceOrderAblationFixture.cs:8,non,,,,,ms,aucune,5-playground,P95 reference judging the ablation run only.,,
SentenceOrderAblationFixture.LatencyBlocks,Deckle.Autocorrect.Probe,tuning-constant,20,src/Deckle.Autocorrect.Probe/SentenceOrderAblationFixture.cs:7,non,,,,,count,aucune,5-playground,Block count of the ablation fixture.,,
SentenceOrderAblationFixture.Seed,Deckle.Autocorrect.Probe,tuning-constant,20260730,src/Deckle.Autocorrect.Probe/SentenceOrderAblationFixture.cs:5,non,,,,,,aucune,5-playground,Reproducibility seed for the ablation fixture.,,
SentenceOrderAblationFixture.WarmupCycles,Deckle.Autocorrect.Probe,tuning-constant,2,src/Deckle.Autocorrect.Probe/SentenceOrderAblationFixture.cs:6,non,,,,,count,aucune,5-playground,Warmup cycles of the ablation protocol.,,
SentenceProfileCommand.OverheadPairs,Deckle.Autocorrect.Probe,tuning-constant,5,src/Deckle.Autocorrect.Probe/SentenceProfileCommand.cs:9,non,,,,,count,aucune,5-playground,"Overhead-measurement pair count, probe-only.",,
SentenceProfileFixture.CandidateCounts,Deckle.Autocorrect.Probe,tuning-constant,"[2, 4, 8, 13]",src/Deckle.Autocorrect.Probe/SentenceProfileFixture.cs:7,non,,,,,count,aucune,5-playground,Candidate-count grid for the profiling fixture.,,
SentenceProfileFixture.Seed,Deckle.Autocorrect.Probe,tuning-constant,20260730,src/Deckle.Autocorrect.Probe/SentenceProfileFixture.cs:5,non,,,,,,aucune,5-playground,Reproducibility seed for the profiling fixture.,,
SentenceProfileFixture.Transaction,Deckle.Autocorrect.Probe,tuning-constant,CreateTransaction(),src/Deckle.Autocorrect.Probe/SentenceProfileFixture.cs:9,non,"Static fixture object built by CreateTransaction(), not a scalar value; the sweep read it as a default. Kept as the experiment input.",,,,,aucune,5-playground,"Static fixture object serving as the experiment input, not a scalar knob.",,
SentenceUnanimityBundleCommand.MeasuredEvaluationCount,Deckle.Autocorrect.Probe,tuning-constant,10_000,src/Deckle.Autocorrect.Probe/SentenceUnanimityBundleCommand.cs:11,non,,,,,count,aucune,5-playground,Evaluation count of the unanimity measurement protocol.,,
SentenceUnanimityBundleCommand.Seed,Deckle.Autocorrect.Probe,tuning-constant,20260730,src/Deckle.Autocorrect.Probe/SentenceUnanimityBundleCommand.cs:9,non,,,,,,aucune,5-playground,Reproducibility seed for the unanimity bundle run.,,
SentenceUnanimityBundleCommand.WarmP95ReferenceMilliseconds,Deckle.Autocorrect.Probe,tuning-constant,1.0,src/Deckle.Autocorrect.Probe/SentenceUnanimityBundleCommand.cs:12,non,,,,,ms,aucune,5-playground,Warm-latency reference judging the probe run.,,
SentenceUnanimityBundleCommand.WarmupEvaluationCount,Deckle.Autocorrect.Probe,tuning-constant,1_000,src/Deckle.Autocorrect.Probe/SentenceUnanimityBundleCommand.cs:10,non,,,,,count,aucune,5-playground,Warmup count of the measurement protocol.,,
StaleWorkProbeCommand.StaleHoldMilliseconds,Deckle.Autocorrect.Probe,tuning-constant,250,src/Deckle.Autocorrect.Probe/StaleWorkProbeCommand.cs:14,non,,,,,ms,aucune,5-playground,Hold duration used only inside the stale-work probe scenario.,,
SettingsModuleDescriptor.LabelKey,Deckle.Catalog,default,"""SettingsModuleNavLabel""",src/Deckle.Catalog/SettingsModuleDescriptor.cs:61,non,Sweep called it persisted-setting; it is an authoring default on a declaration record. Perceivable only through the nav label a module inherits.,,,,,aucune,1-robustesse,"Authoring default on a declaration record, an internal infrastructure constant frozen by design, not a user-varying knob.",,
SettingsModuleDescriptor.Tier,Deckle.Catalog,default,SettingsNavTier.Main,src/Deckle.Catalog/SettingsModuleDescriptor.cs:71,non,"Same misread. Decides which nav band an unqualified module lands in — visible in the rail, but authored per module, not by the user.",,,,,aucune,1-robustesse,"Per-module authoring default deciding the nav band; structural and module-authored, frozen for users.",,
ArcDirection,Deckle.Composition,default-value,`1f`,src/Deckle.Composition/Core/HudComposition.Config.cs:187,non,ConicArcStrokeConfig default; mirrored in Deckle.Playground/Models/TuningModel.cs — dedupe by name before counting,,,,sign (±1),playground,2-qualite,"HUD arc animation direction, Playground-mirrored tuning default.",,
ArcEaseP1X,Deckle.Composition,default-value,`0.125f`,src/Deckle.Composition/Core/HudComposition.Config.cs:191,non,ConicArcStrokeConfig default; mirrored in Deckle.Playground/Models/TuningModel.cs — dedupe by name before counting,0,1,0.05,ratio,playground,2-qualite,"Bezier easing control point for arc animation, pure animation tuning.",,
ArcEaseP1Y,Deckle.Composition,default-value,`0.375f`,src/Deckle.Composition/Core/HudComposition.Config.cs:192,non,ConicArcStrokeConfig default; mirrored in Deckle.Playground/Models/TuningModel.cs — dedupe by name before counting,-0.5,1.5,0.05,ratio,playground,2-qualite,"Bezier easing control point for arc animation, pure animation tuning.",,
ArcEaseP2X,Deckle.Composition,default-value,`0.875f`,src/Deckle.Composition/Core/HudComposition.Config.cs:193,non,ConicArcStrokeConfig default; mirrored in Deckle.Playground/Models/TuningModel.cs — dedupe by name before counting,0,1,0.05,ratio,playground,2-qualite,"Bezier easing control point for arc animation, pure animation tuning.",,
ArcEaseP2Y,Deckle.Composition,default-value,`0.625f`,src/Deckle.Composition/Core/HudComposition.Config.cs:194,non,ConicArcStrokeConfig default; mirrored in Deckle.Playground/Models/TuningModel.cs — dedupe by name before counting,-0.5,1.5,0.05,ratio,playground,2-qualite,"Bezier easing control point for arc animation, pure animation tuning.",,
ArcMinSpeedFraction,Deckle.Composition,default-value,`0f`,src/Deckle.Composition/Core/HudComposition.Config.cs:195,non,ConicArcStrokeConfig default; mirrored in Deckle.Playground/Models/TuningModel.cs — dedupe by name before counting,0,1,0.05,ratio,playground,2-qualite,"Arc animation speed floor, animation tuning living in Playground.",,
ArcMirror,Deckle.Composition,default-value,`true`,src/Deckle.Composition/Core/HudComposition.Config.cs:181,non,ConicArcStrokeConfig default; mirrored in Deckle.Playground/Models/TuningModel.cs — dedupe by name before counting,,,,,playground,2-qualite,"Arc mirroring toggle, aesthetic animation tuning in Playground.",,
ArcPeriodSeconds,Deckle.Composition,default-value,`8.0`,src/Deckle.Composition/Core/HudComposition.Config.cs:186,non,ConicArcStrokeConfig default; mirrored in Deckle.Playground/Models/TuningModel.cs — dedupe by name before counting,0.5,30,0.5,s,playground,2-qualite,"Arc rotation period, animation cadence tuning in Playground.",,
ArcPhaseTurns,Deckle.Composition,default-value,`0f`,src/Deckle.Composition/Core/HudComposition.Config.cs:188,non,ConicArcStrokeConfig default; mirrored in Deckle.Playground/Models/TuningModel.cs — dedupe by name before counting,0,1,0.05,turns,playground,2-qualite,"Arc phase offset, animation tuning in Playground.",,
CloneArcDirection,Deckle.Composition,default-value,`-1f`,src/Deckle.Composition/Core/HudComposition.Config.cs:241,non,ConicArcStrokeConfig default; mirrored in Deckle.Playground/Models/TuningModel.cs — dedupe by name before counting,,,,sign (±1),playground,2-qualite,"Clone arc direction, animation tuning in Playground.",,
CloneArcPeriodSeconds,Deckle.Composition,default-value,`4.0`,src/Deckle.Composition/Core/HudComposition.Config.cs:240,non,ConicArcStrokeConfig default; mirrored in Deckle.Playground/Models/TuningModel.cs — dedupe by name before counting,0.5,30,0.5,s,playground,2-qualite,"Clone arc period, animation cadence tuning in Playground.",,
CloneCentreXFraction,Deckle.Composition,default-value,`196f / 272f (= 0.7206f)`,src/Deckle.Composition/Core/HudComposition.Config.cs:214,non,"ConicArcStrokeConfig default; mirrored in Deckle.Playground/Models/TuningModel.cs — dedupe by name before counting \| computed literal expression, sweep kept it verbatim",0,272 (NakedHudSize.X),2,"px (slider), stored as fraction",playground,2-qualite,"Clone arc centre position, visual composition tuning in Playground.",,
CloneCentreYFraction,Deckle.Composition,default-value,`0f`,src/Deckle.Composition/Core/HudComposition.Config.cs:215,non,ConicArcStrokeConfig default; mirrored in Deckle.Playground/Models/TuningModel.cs — dedupe by name before counting,0,78 (NakedHudSize.Y),2,"px (slider), stored as fraction",playground,2-qualite,"Clone arc centre position, visual composition tuning in Playground.",,
CloneHueDirection,Deckle.Composition,default-value,`-1f`,src/Deckle.Composition/Core/HudComposition.Config.cs:239,non,ConicArcStrokeConfig default; mirrored in Deckle.Playground/Models/TuningModel.cs — dedupe by name before counting,,,,sign (±1),playground,2-qualite,"Clone hue rotation direction, color animation tuning in Playground.",,
CloneHuePeriodSeconds,Deckle.Composition,default-value,`7.0`,src/Deckle.Composition/Core/HudComposition.Config.cs:238,non,ConicArcStrokeConfig default; mirrored in Deckle.Playground/Models/TuningModel.cs — dedupe by name before counting,0,60,0.5,s,playground,2-qualite,"Clone hue cycle period, color animation tuning in Playground.",,
CloneOklchChroma,Deckle.Composition,default-value,`0.3f`,src/Deckle.Composition/Core/HudComposition.Config.cs:226,non,ConicArcStrokeConfig default; mirrored in Deckle.Playground/Models/TuningModel.cs — dedupe by name before counting,0,0.4,0.05,ratio,playground,2-qualite,"Clone OKLCH chroma calibration, color tuning in Playground.",,
CloneOklchLightness,Deckle.Composition,default-value,`0.9f`,src/Deckle.Composition/Core/HudComposition.Config.cs:225,non,ConicArcStrokeConfig default; mirrored in Deckle.Playground/Models/TuningModel.cs — dedupe by name before counting,0,1,0.05,ratio,playground,2-qualite,"Clone OKLCH lightness calibration, color tuning in Playground.",,
ConicFadeCurve,Deckle.Composition,default-value,`4f`,src/Deckle.Composition/Core/HudComposition.Config.cs:180,non,ConicArcStrokeConfig default; mirrored in Deckle.Playground/Models/TuningModel.cs — dedupe by name before counting,0.5,10,0.1,exponent,playground,2-qualite,"Fade curve exponent, exactly the non-explainable-in-one-sentence kind of knob; quality tuning in Playground.",,
ConicLeadFadeTurns,Deckle.Composition,default-value,`1f`,src/Deckle.Composition/Core/HudComposition.Config.cs:178,non,ConicArcStrokeConfig default; mirrored in Deckle.Playground/Models/TuningModel.cs — dedupe by name before counting,0,1,0.05,turns,playground,2-qualite,"Conic gradient lead fade span, visual tuning in Playground.",,
ConicSpanTurns,Deckle.Composition,default-value,`0.5f`,src/Deckle.Composition/Core/HudComposition.Config.cs:177,non,ConicArcStrokeConfig default; mirrored in Deckle.Playground/Models/TuningModel.cs — dedupe by name before counting,0.05,1.0,0.05,turns,playground,2-qualite,"Conic arc angular span, visual tuning in Playground.",,
ConicTailFadeTurns,Deckle.Composition,default-value,`1f`,src/Deckle.Composition/Core/HudComposition.Config.cs:179,non,ConicArcStrokeConfig default; mirrored in Deckle.Playground/Models/TuningModel.cs — dedupe by name before counting,0,1,0.05,turns,playground,2-qualite,"Conic gradient tail fade span, visual tuning in Playground.",,
CornerRadiusDip,Deckle.Composition,tuning-constant,`8f`,src/Deckle.Composition/Core/HudComposition.cs:60,non,"private const HUD stroke geometry; no UI, no Playground mirror",,,,dip,aucune,2-qualite,"Frozen HUD stroke geometry constant with no Playground mirror; design-quality value, frozen.",,
HueDirection,Deckle.Composition,default-value,`1f`,src/Deckle.Composition/Core/HudComposition.Config.cs:155,non,ConicArcStrokeConfig default; mirrored in Deckle.Playground/Models/TuningModel.cs — dedupe by name before counting,,,,sign (±1),playground,2-qualite,"Hue rotation direction, color animation tuning in Playground.",,
HueEaseP1X,Deckle.Composition,default-value,`0.125f`,src/Deckle.Composition/Core/HudComposition.Config.cs:166,non,ConicArcStrokeConfig default; mirrored in Deckle.Playground/Models/TuningModel.cs — dedupe by name before counting,0,1,0.05,ratio,playground,2-qualite,"Bezier easing control point for hue animation, animation tuning in Playground.",,
HueEaseP1Y,Deckle.Composition,default-value,`0.375f`,src/Deckle.Composition/Core/HudComposition.Config.cs:167,non,ConicArcStrokeConfig default; mirrored in Deckle.Playground/Models/TuningModel.cs — dedupe by name before counting,-0.5,1.5,0.05,ratio,playground,2-qualite,"Bezier easing control point for hue animation, animation tuning in Playground.",,
HueEaseP2X,Deckle.Composition,default-value,`0.875f`,src/Deckle.Composition/Core/HudComposition.Config.cs:168,non,ConicArcStrokeConfig default; mirrored in Deckle.Playground/Models/TuningModel.cs — dedupe by name before counting,0,1,0.05,ratio,playground,2-qualite,"Bezier easing control point for hue animation, animation tuning in Playground.",,
HueEaseP2Y,Deckle.Composition,default-value,`0.625f`,src/Deckle.Composition/Core/HudComposition.Config.cs:169,non,ConicArcStrokeConfig default; mirrored in Deckle.Playground/Models/TuningModel.cs — dedupe by name before counting,-0.5,1.5,0.05,ratio,playground,2-qualite,"Bezier easing control point for hue animation, animation tuning in Playground.",,
HueMinSpeedFraction,Deckle.Composition,default-value,`0f`,src/Deckle.Composition/Core/HudComposition.Config.cs:174,non,ConicArcStrokeConfig default; mirrored in Deckle.Playground/Models/TuningModel.cs — dedupe by name before counting,0,1,0.05,ratio,playground,2-qualite,"Hue animation speed floor, animation tuning in Playground.",,
HuePeriodSeconds,Deckle.Composition,default-value,`14.0`,src/Deckle.Composition/Core/HudComposition.Config.cs:154,non,ConicArcStrokeConfig default; mirrored in Deckle.Playground/Models/TuningModel.cs — dedupe by name before counting,0,60,0.5,s,playground,2-qualite,"Hue cycle period, color animation tuning in Playground.",,
HuePhaseTurns,Deckle.Composition,default-value,`0f`,src/Deckle.Composition/Core/HudComposition.Config.cs:156,non,ConicArcStrokeConfig default; mirrored in Deckle.Playground/Models/TuningModel.cs — dedupe by name before counting,0,1,0.05,turns,playground,2-qualite,"Hue phase offset, color animation tuning in Playground.",,
HueRange,Deckle.Composition,default-value,`1f`,src/Deckle.Composition/Core/HudComposition.Config.cs:149,non,ConicArcStrokeConfig default; mirrored in Deckle.Playground/Models/TuningModel.cs — dedupe by name before counting,0,1,0.05,turns,playground,2-qualite,"Hue sweep range, color tuning in Playground.",,
HueStart,Deckle.Composition,default-value,`0f`,src/Deckle.Composition/Core/HudComposition.Config.cs:148,non,ConicArcStrokeConfig default; mirrored in Deckle.Playground/Models/TuningModel.cs — dedupe by name before counting,0,1,0.05,turns,playground,2-qualite,"Hue start point, color tuning in Playground; not a user style choice but a calibrated palette parameter.",,
InsetDip,Deckle.Composition,playground-parameter,`-2f`,src/Deckle.Composition/Core/HudComposition.cs:59,non,"public static mutable field, tuned live by HudPlayground (not const) — value -2f",-16,4,0.5,dip,playground,2-qualite,"Live Playground-tuned HUD stroke inset; quality geometry tuning that ships in the HUD, so quality rather than pure Playground staging.",,
OklchChroma,Deckle.Composition,default-value,`0.3f`,src/Deckle.Composition/Core/HudComposition.Config.cs:147,non,ConicArcStrokeConfig default; mirrored in Deckle.Playground/Models/TuningModel.cs — dedupe by name before counting,0,0.4,0.05,ratio,playground,2-qualite,"OKLCH chroma calibration, color tuning in Playground.",,
OklchLightness,Deckle.Composition,default-value,`0.75f`,src/Deckle.Composition/Core/HudComposition.Config.cs:146,non,ConicArcStrokeConfig default; mirrored in Deckle.Playground/Models/TuningModel.cs — dedupe by name before counting,0,1,0.05,ratio,playground,2-qualite,"OKLCH lightness calibration, color tuning in Playground.",,
RecordingArcMirror,Deckle.Composition,default-value,`true`,src/Deckle.Composition/Core/HudComposition.Config.cs:296,non,ConicArcStrokeConfig default; mirrored in Deckle.Playground/Models/TuningModel.cs — dedupe by name before counting,,,,,playground,2-qualite,"Recording-state arc mirroring, per-state animation tuning in Playground.",,
RecordingArcPhaseTurns,Deckle.Composition,default-value,`0f`,src/Deckle.Composition/Core/HudComposition.Config.cs:297,non,ConicArcStrokeConfig default; mirrored in Deckle.Playground/Models/TuningModel.cs — dedupe by name before counting,0,1,0.05,turns,playground,2-qualite,"Recording-state arc phase, animation tuning in Playground.",,
RecordingBlendSeconds,Deckle.Composition,default-value,`2 (double 2.0)`,src/Deckle.Composition/Core/HudComposition.Config.cs:303,non,ConicArcStrokeConfig default; mirrored in Deckle.Playground/Models/TuningModel.cs — dedupe by name before counting,0,5,0.1,s,playground,2-qualite,"Recording-state transition blend duration, animation tuning in Playground.",,
RecordingConicFadeCurve,Deckle.Composition,default-value,`2f`,src/Deckle.Composition/Core/HudComposition.Config.cs:295,non,ConicArcStrokeConfig default; mirrored in Deckle.Playground/Models/TuningModel.cs — dedupe by name before counting,0.5,10,0.1,exponent,playground,2-qualite,"Recording-state fade curve exponent, animation tuning in Playground.",,
RecordingConicLeadFadeTurns,Deckle.Composition,default-value,`1f`,src/Deckle.Composition/Core/HudComposition.Config.cs:293,non,ConicArcStrokeConfig default; mirrored in Deckle.Playground/Models/TuningModel.cs — dedupe by name before counting,0,1,0.05,turns,playground,2-qualite,"Recording-state lead fade span, visual tuning in Playground.",,
RecordingConicSpanTurns,Deckle.Composition,default-value,`0.5f`,src/Deckle.Composition/Core/HudComposition.Config.cs:292,non,ConicArcStrokeConfig default; mirrored in Deckle.Playground/Models/TuningModel.cs — dedupe by name before counting,0.05,1,0.05,turns,playground,2-qualite,"Recording-state arc span, visual tuning in Playground.",,
RecordingConicTailFadeTurns,Deckle.Composition,default-value,`1f`,src/Deckle.Composition/Core/HudComposition.Config.cs:294,non,ConicArcStrokeConfig default; mirrored in Deckle.Playground/Models/TuningModel.cs — dedupe by name before counting,0,1,0.05,turns,playground,2-qualite,"Recording-state tail fade span, visual tuning in Playground.",,
RecordingExposureDark,Deckle.Composition,default-value,`0.7f`,src/Deckle.Composition/Core/HudComposition.Config.cs:301,non,ConicArcStrokeConfig default; mirrored in Deckle.Playground/Models/TuningModel.cs — dedupe by name before counting,-2,2,0.1,EV,playground,2-qualite,"Recording-state exposure calibration for dark theme, color tuning in Playground.",,
RecordingExposureLight,Deckle.Composition,default-value,`-1.2f`,src/Deckle.Composition/Core/HudComposition.Config.cs:302,non,ConicArcStrokeConfig default; mirrored in Deckle.Playground/Models/TuningModel.cs — dedupe by name before counting,-2,2,0.1,EV,playground,2-qualite,"Recording-state exposure calibration for light theme, color tuning in Playground.",,
RecordingHuePeriodSeconds,Deckle.Composition,default-value,`0`,src/Deckle.Composition/Core/HudComposition.Config.cs:313,non,ConicArcStrokeConfig default; mirrored in Deckle.Playground/Models/TuningModel.cs — dedupe by name before counting,0,60,0.5,s,playground,2-qualite,"Recording-state hue cycle period, color animation tuning in Playground.",,
RecordingHueShiftTurns,Deckle.Composition,default-value,`0f`,src/Deckle.Composition/Core/HudComposition.Config.cs:300,non,ConicArcStrokeConfig default; mirrored in Deckle.Playground/Models/TuningModel.cs — dedupe by name before counting,0,1,0.05,turns,playground,2-qualite,"Recording-state hue shift, color tuning in Playground.",,
RecordingSaturationDark,Deckle.Composition,default-value,`0f`,src/Deckle.Composition/Core/HudComposition.Config.cs:298,non,ConicArcStrokeConfig default; mirrored in Deckle.Playground/Models/TuningModel.cs — dedupe by name before counting,0,1,0.05,ratio,playground,2-qualite,"Recording-state saturation for dark theme, color tuning in Playground.",,
RecordingSaturationLight,Deckle.Composition,default-value,`0f`,src/Deckle.Composition/Core/HudComposition.Config.cs:299,non,ConicArcStrokeConfig default; mirrored in Deckle.Playground/Models/TuningModel.cs — dedupe by name before counting,0,1,0.05,ratio,playground,2-qualite,"Recording-state saturation for light theme, color tuning in Playground.",,
RewritingBlendSeconds,Deckle.Composition,default-value,`2 (double 2.0)`,src/Deckle.Composition/Core/HudComposition.Config.cs:249,non,ConicArcStrokeConfig default; mirrored in Deckle.Playground/Models/TuningModel.cs — dedupe by name before counting,0,5,0.1,s,playground,2-qualite,"Rewriting-state transition blend duration, animation tuning in Playground.",,
RewritingExposure,Deckle.Composition,default-value,`0f`,src/Deckle.Composition/Core/HudComposition.Config.cs:247,non,ConicArcStrokeConfig default; mirrored in Deckle.Playground/Models/TuningModel.cs — dedupe by name before counting,-2,2,0.1,EV,playground,2-qualite,"Rewriting-state exposure calibration, color tuning in Playground.",,
RewritingHueShiftTurns,Deckle.Composition,default-value,`0f`,src/Deckle.Composition/Core/HudComposition.Config.cs:246,non,ConicArcStrokeConfig default; mirrored in Deckle.Playground/Models/TuningModel.cs — dedupe by name before counting,0,1,0.05,turns,playground,2-qualite,"Rewriting-state hue shift, color tuning in Playground.",,
RewritingOpacity,Deckle.Composition,default-value,`1f`,src/Deckle.Composition/Core/HudComposition.Config.cs:248,non,ConicArcStrokeConfig default; mirrored in Deckle.Playground/Models/TuningModel.cs — dedupe by name before counting,0,1,0.05,ratio,playground,2-qualite,"Rewriting-state opacity, visual tuning in Playground.",,
RewritingSaturation,Deckle.Composition,default-value,`1f`,src/Deckle.Composition/Core/HudComposition.Config.cs:245,non,ConicArcStrokeConfig default; mirrored in Deckle.Playground/Models/TuningModel.cs — dedupe by name before counting,0,1,0.05,ratio,playground,2-qualite,"Rewriting-state saturation, color tuning in Playground.",,
StrokeThickness,Deckle.Composition,tuning-constant,`4f`,src/Deckle.Composition/Core/HudComposition.cs:52,non,"private const HUD stroke geometry; no UI, no Playground mirror",,,,dip,aucune,2-qualite,"Frozen HUD stroke thickness constant with no Playground mirror; design-quality value, frozen.",,
TranscribingBlendSeconds,Deckle.Composition,default-value,`2 (double 2.0)`,src/Deckle.Composition/Core/HudComposition.Config.cs:264,non,ConicArcStrokeConfig default; mirrored in Deckle.Playground/Models/TuningModel.cs — dedupe by name before counting,0,5,0.1,s,playground,2-qualite,"Transcribing-state transition blend duration, animation tuning in Playground.",,
TranscribingExposureDark,Deckle.Composition,default-value,`0.7f`,src/Deckle.Composition/Core/HudComposition.Config.cs:261,non,ConicArcStrokeConfig default; mirrored in Deckle.Playground/Models/TuningModel.cs — dedupe by name before counting,-2,2,0.1,EV,playground,2-qualite,"Transcribing-state exposure for dark theme, color tuning in Playground.",,
TranscribingExposureLight,Deckle.Composition,default-value,`-1.2f`,src/Deckle.Composition/Core/HudComposition.Config.cs:262,non,ConicArcStrokeConfig default; mirrored in Deckle.Playground/Models/TuningModel.cs — dedupe by name before counting,-2,2,0.1,EV,playground,2-qualite,"Transcribing-state exposure for light theme, color tuning in Playground.",,
TranscribingHueShiftTurns,Deckle.Composition,default-value,`0f`,src/Deckle.Composition/Core/HudComposition.Config.cs:260,non,ConicArcStrokeConfig default; mirrored in Deckle.Playground/Models/TuningModel.cs — dedupe by name before counting,0,1,0.05,turns,playground,2-qualite,"Transcribing-state hue shift, color tuning in Playground.",,
TranscribingOpacity,Deckle.Composition,default-value,`1f`,src/Deckle.Composition/Core/HudComposition.Config.cs:263,non,ConicArcStrokeConfig default; mirrored in Deckle.Playground/Models/TuningModel.cs — dedupe by name before counting,0,1,0.05,ratio,playground,2-qualite,"Transcribing-state opacity, visual tuning in Playground.",,
TranscribingSaturationDark,Deckle.Composition,default-value,`0f`,src/Deckle.Composition/Core/HudComposition.Config.cs:258,non,ConicArcStrokeConfig default; mirrored in Deckle.Playground/Models/TuningModel.cs — dedupe by name before counting,0,1,0.05,ratio,playground,2-qualite,"Transcribing-state saturation for dark theme, color tuning in Playground.",,
TranscribingSaturationLight,Deckle.Composition,default-value,`0f`,src/Deckle.Composition/Core/HudComposition.Config.cs:259,non,ConicArcStrokeConfig default; mirrored in Deckle.Playground/Models/TuningModel.cs — dedupe by name before counting,0,1,0.05,ratio,playground,2-qualite,"Transcribing-state saturation for light theme, color tuning in Playground.",,
WedgeCount,Deckle.Composition,default-value,`360`,src/Deckle.Composition/Core/HudComposition.Config.cs:150,non,ConicArcStrokeConfig default; mirrored in Deckle.Playground/Models/TuningModel.cs — dedupe by name before counting,16,720,1,count,playground,2-qualite,"Conic gradient tessellation resolution, rendering quality tuning in Playground.",,
AppFolderName,Deckle.Core,tuning-constant,"""Deckle""",src/Deckle.Core/Paths/AppPaths.cs:36,non,"Identity constant: names %LOCALAPPDATA%\Deckle and seeds the settings mutex name. Not exposable as a setting, but it is the single source of truth for the data root.",,,,,aucune,1-robustesse,"Identity constant seeding the data root and mutex name; structural, frozen by default.",,
BufferSize,Deckle.Core,tuning-constant,81920,src/Deckle.Core/Io/Downloader.cs:39,non,Pure implementation constant (Stream.CopyToAsync default). Kept only because of the in-doubt rule; nothing user-perceivable.,,,,bytes,aucune,1-robustesse,"Internal I/O buffer size, textbook robustness constant.",,
DataRootEnvVar,Deckle.Core,tuning-constant,"""DECKLE_DATA_ROOT""",src/Deckle.Core/Paths/AppPaths.cs:45,non,"Env-var name allowing relocation of the whole user data root. Acts as an out-of-band setting (dev override); no UI, probably should stay env-only.",,,,,aucune,1-robustesse,"Env-var name for a dev-only data-root override; infrastructure plumbing, stays env-only, not a Settings candidate.",,
DownloaderHttpTimeout,Deckle.Core,tuning-constant,Timeout.InfiniteTimeSpan,src/Deckle.Core/Io/Downloader.cs:157,non,"Missed by the sweep (assignment, not a declaration). Deliberate override of the 100 s HttpClient default for multi-GB model downloads; cancellation is the escape hatch. Deliberately frozen.",,,,,aucune,1-robustesse,Deliberately frozen HTTP timeout override for large downloads; pure robustness bound.,,
ProgressReportThrottleMs,Deckle.Core,tuning-constant,200,src/Deckle.Core/Io/Downloader.cs:48,non,"Perceptible: governs download progress-bar smoothness (~5 updates/s). Perf-motivated, likely frozen, but user-visible in effect.",,,,ms,aucune,1-robustesse,"Internal reporting cadence; visible as progress-bar smoothness but a perf throttle, frozen.",,
SC_LEFT_OF_ONE,Deckle.Core,tuning-constant,0x29,src/Deckle.Core/Interop/NativeMethods.cs:29,non,Scancode of the key left of '1' — the physical key bound to the transcription hotkey. User-perceivable (which key triggers Deckle) but frozen in interop code; hotkey rebinding would live here or above. Kept as a borderline exposable.,,,,,aucune,3-personnalisation,"The physical key bound to the transcription hotkey; hotkeys are canonical personalization, this frozen scancode is where rebinding would live.",,
SettingsMutexName,Deckle.Core,tuning-constant,"$""{AppFolderName}-Settings-Save""",src/Deckle.Core/Paths/AppPaths.cs:41,non,"Missed by the sweep (interpolated const excluded). Cross-process write serialization name; infrastructure, not user-facing.",,,,,aucune,1-robustesse,"Cross-process mutex name, pure infrastructure.",,
SettingsMutexWaitTimeout,Deckle.Core,tuning-constant,TimeSpan.FromSeconds(2),src/Deckle.Core/JsonSettingsStore.cs:198,non,Missed by the sweep (inline expression). How long a save waits for the cross-process mutex before giving up — a settings write can be silently skipped past it. Worth naming.,,,,s,aucune,1-robustesse,"Mutex wait bound on settings saves, explicit robustness timeout.",,
SettingsSaveDebounceMs,Deckle.Core,tuning-constant,300,src/Deckle.Core/JsonSettingsStore.cs:162,non,"Missed by the sweep (inline literal, no named const). Delay between Save() and the actual disk write for every settings.json in the app — governs how fast a UI change reaches disk.",,,,ms,aucune,1-robustesse,"Save debounce between Save() and disk write, a classic internal debounce.",,
JsonlSink.DefaultQueueCapacity,Deckle.Diagnostics,tuning-constant,1024,src/Deckle.Diagnostics/Sinks/JsonlSink.cs:16,non,"Verified. Bounded write queue; overflow drops events. Implementation detail, but it silently governs log completeness under load — kept per in-doubt rule.",,,,count,aucune,1-robustesse,"Bounded internal write-queue size protecting the sink under load; a robustness buffer, frozen by default.",,
LogWindowSink.BufferCapacity,Deckle.Diagnostics,tuning-constant,5000,src/Deckle.Diagnostics/Sinks/LogWindowSink.cs:24,non,"Verified. Ring-buffer depth of the in-app log window — user-perceivable (how much history the log viewer can show). Closest thing to a real exposable in this module; still private const, no UI.",,,,count,aucune,4-diagnostics,"Ring-buffer depth of the in-app log viewer is log-history retention, an observability concern for the Diagnostics page.",,
"OperationalLogActivity (Ambient, Transcription, Autocorrect, Input, Windowing)",Deckle.Diagnostics,default-value,5-member enum; admission fails closed until Logging injects its reader,src/Deckle.Diagnostics/OperationalLogAdmission.cs:8-38,oui,"Added from June inventory (Diagnostics page: logging toggles by subsystem). Sweep missed it — an enum, not an initialized member. This module owns the closed vocabulary of the toggles; the persisted values live in Deckle.Diagnostics.Logging. Not itself a value, but the definitive list of what the logging toggles can be.",,,,,aucune,4-diagnostics,Closed vocabulary defining the per-subsystem logging toggles surfaced on the Diagnostics page.,,
RoutedJsonlSink.DefaultMaxOpenFiles,Deckle.Diagnostics,tuning-constant,16,src/Deckle.Diagnostics/Sinks/RoutedJsonlSink.cs:13,non,"Verified. LRU cap on concurrently open log files. Pure implementation; kept only because it bounds a resource, not because it tunes anything the user sees.",,,,count,aucune,1-robustesse,LRU cap bounding a file-handle resource; pure internal robustness bound.,,
RoutedJsonlSink.DefaultQueueCapacity,Deckle.Diagnostics,tuning-constant,1024,src/Deckle.Diagnostics/Sinks/RoutedJsonlSink.cs:12,non,Verified. Same rationale as JsonlSink; duplicate knob at a second declaration site.,,,,count,aucune,1-robustesse,"Same bounded write-queue robustness buffer as JsonlSink, duplicated at a second declaration site.",,
ApplicationLogToDisk,Deckle.Diagnostics.Logging,persisted-setting,false,src/Deckle.Diagnostics.Logging/LoggingSettings.cs:14,oui,"June inventory locates it on TelemetrySettings.cs:30; it now lives on LoggingSettings. Same user-facing setting, moved module POCO — verify no duplicate persisted key survives in telemetry.json.",,,,,settings,4-diagnostics,Toggle enabling on-disk application logging; core observability switch for the Diagnostics page.,,
LogAmbientCaptureActivity,Deckle.Diagnostics.Logging,persisted-setting,false,src/Deckle.Diagnostics.Logging/LoggingSettings.cs:19,oui,,,,,,settings,4-diagnostics,"Per-subsystem log verbosity toggle, squarely observability.",,
LogAutocorrectActivity,Deckle.Diagnostics.Logging,persisted-setting,false,src/Deckle.Diagnostics.Logging/LoggingSettings.cs:38,oui,,,,,,settings,4-diagnostics,"Per-subsystem log verbosity toggle, squarely observability.",,
LogInputActivity,Deckle.Diagnostics.Logging,persisted-setting,false,src/Deckle.Diagnostics.Logging/LoggingSettings.cs:44,non,Absent from the June inventory — added since. Gates the Raw Input contact-frame rollup and per-gesture Trackpad detail.,,,,,settings,4-diagnostics,Per-subsystem log verbosity toggle gating input-activity detail; observability.,,
LogTranscriptionActivity,Deckle.Diagnostics.Logging,persisted-setting,false,src/Deckle.Diagnostics.Logging/LoggingSettings.cs:26,oui,"June inventory names it LogStreamingTranscriptionActivity; that identifier no longer exists in source. Treated as a rename, not a new exposable.",,,,,settings,4-diagnostics,Per-subsystem log verbosity toggle (renamed from LogStreamingTranscriptionActivity); observability.,,
LogWindowVisibilityMode,Deckle.Diagnostics.Logging,removed-setting,LogWindowVisibilityMode.All (June); no longer present in source,src/Deckle.Diagnostics.Logging/LoggingSettings.cs (June: :54),oui,"June-only. Grep over src/ returns zero hits for the identifier; line 54 is now LogWindowingActivity. Kept as an added-from-June row so the deletion is visible, not silently lost. Not an exposable today.",,,,,aucune,4-diagnostics,"Removed June-era log-window filtering setting; when it existed it was log-viewer verbosity, a diagnostics concern.",,
LogWindowingActivity,Deckle.Diagnostics.Logging,persisted-setting,false,src/Deckle.Diagnostics.Logging/LoggingSettings.cs:54,oui,,,,,,settings,4-diagnostics,"Per-subsystem log verbosity toggle, squarely observability.",,
AudioCorpusContent,Deckle.Diagnostics.Telemetry,persisted-setting,AudioCorpusContent.MatchTranscription,src/Deckle.Diagnostics.Telemetry/TelemetrySettings.cs:25,oui,,,,,,settings,4-diagnostics,Controls what the audio-corpus recording captures; telemetry configuration for diagnostics.,,
AutocorrectDecisions,Deckle.Diagnostics.Telemetry,persisted-setting,false,src/Deckle.Diagnostics.Telemetry/TelemetrySettings.cs:36,oui,June cites :38; actual line is :36.,,,,,settings,4-diagnostics,Telemetry recording toggle for autocorrect decisions; observability.,,
AutocorrectText,Deckle.Diagnostics.Telemetry,persisted-setting,false,src/Deckle.Diagnostics.Telemetry/TelemetrySettings.cs:44,oui,June cites :46; actual line is :44.,,,,,settings,4-diagnostics,Telemetry recording toggle for autocorrect text; observability.,,
CorpusEnabled,Deckle.Diagnostics.Telemetry,persisted-setting,false,src/Deckle.Diagnostics.Telemetry/TelemetrySettings.cs:15,oui,,,,,,settings,4-diagnostics,Master corpus-telemetry toggle; observability.,,
LatencyEnabled,Deckle.Diagnostics.Telemetry,persisted-setting,false,src/Deckle.Diagnostics.Telemetry/TelemetrySettings.cs:13,oui,,,,,,settings,4-diagnostics,Latency-telemetry toggle; observability.,,
MicrophoneTelemetry,Deckle.Diagnostics.Telemetry,persisted-setting,false,src/Deckle.Diagnostics.Telemetry/TelemetrySettings.cs:14,oui,,,,,,settings,4-diagnostics,Microphone-telemetry recording toggle; observability.,,
RecordAudioCorpus,Deckle.Diagnostics.Telemetry,persisted-setting,false,src/Deckle.Diagnostics.Telemetry/TelemetrySettings.cs:16,oui,,,,,,settings,4-diagnostics,Audio-corpus recording toggle; observability.,,
StorageDirectory,Deckle.Diagnostics.Telemetry,persisted-setting,"""""",src/Deckle.Diagnostics.Telemetry/TelemetrySettings.cs:29,oui,June cites :31; actual line is :29 (drift after ApplicationLogToDisk left this POCO). Empty string resolves to AppPaths.TelemetryDirectory.,,,,,settings,4-diagnostics,Where telemetry artifacts land; a telemetry-storage concern belonging with the other Diagnostics telemetry controls rather than general personalization.,,
MaxBatchSize,Deckle.Home,tuning-constant,100,src/Deckle.Home/HomeGestures.cs:10,non,Anytype batch-write cap. Borderline implementation constant; kept only because it bounds a remote call.,,,,count,aucune,1-robustesse,"Internal batch-size bound on Anytype writes, a robustness cap, not tuning.",,
PageLimit,Deckle.Home,tuning-constant,1000,src/Deckle.Home/HomeObjects.cs:97,non,Anytype object-index page size. Borderline implementation constant.,,,,count,aucune,1-robustesse,"Pagination buffer size for the object index, pure internal bound.",,
limit,Deckle.Home,tuning-constant,100,src/Deckle.Home/HomePropertyWriter.cs:126,non,"Method-local const (tag pagination), lowercase name confirms it is a local, not a field as the sweep reports. Almost certainly a false positive; kept per the doubt rule.",,,,count,aucune,1-robustesse,"Method-local pagination cap, internal implementation bound.",,
HudChrono.DigitCount,Deckle.Hud,tuning-constant,6,src/Deckle.Hud/Chrono/HudChrono.Reveal.cs:14,non,"Structural: the chrono face has six digits. Likely pure implementation, kept per doubt rule.",,,,count,aucune,2-qualite,"Structural visual design of the chrono face, frozen rendering choice.",,
HudChrono.MaxRevealBuildAttempts,Deckle.Hud,tuning-constant,90,src/Deckle.Hud/Chrono/HudChrono.RevealMask.cs:63,non,"Retry window in vsync frames before latching a reveal-build failure; robustness bound, not user-facing.",,,,frames,aucune,1-robustesse,"Retry attempt window before latching a failure, a robustness bound.",,
HudChrono.ToneCharging,Deckle.Hud,tuning-constant,"""TextFillColorDisabledBrush""",src/Deckle.Hud/Chrono/HudChrono.xaml.cs:237,non,"Theme-resource key, not a numeric knob. Source says the authoritative mapping lives in Chrono/CONTEXT.md and these are its code mirror - design token rather than exposable.",,,,,aucune,2-qualite,"Design token mirroring the doctrinal tone mapping, frozen visual quality.",,
HudChrono.ToneRecording,Deckle.Hud,tuning-constant,"""TextFillColorSecondaryBrush""",src/Deckle.Hud/Chrono/HudChrono.xaml.cs:238,non,Same doubt as ToneCharging.,,,,,aucune,2-qualite,"Same design-token mapping as ToneCharging, frozen visual quality.",,
HudChrono.ToneStopped,Deckle.Hud,tuning-constant,"""TextFillColorTertiaryBrush""",src/Deckle.Hud/Chrono/HudChrono.xaml.cs:239,non,Same doubt as ToneCharging.,,,,,aucune,2-qualite,"Same design-token mapping as ToneCharging, frozen visual quality.",,
HudOverlayManager.GapDip,Deckle.Hud,tuning-constant,12,src/Deckle.Hud/Windows/HudOverlayManager.cs:32,non,,,,,dip,aucune,2-qualite,"Layout spacing calibration of the overlay, visual tuning.",,
HudOverlayWindow.FAR_RADIUS_DIP,Deckle.Hud,tuning-constant,256,src/Deckle.Hud/Windows/HudOverlayWindow.xaml.cs:40,non,Deliberately wider than the HudWindow value of 128 (source comment); the two are tuned as a pair.,,,,dip,aucune,2-qualite,"Proximity-fade curve radius, tuned as a pair with HudWindow, animation tuning.",,
HudOverlayWindow.HUD_HEIGHT,Deckle.Hud,tuning-constant,78,src/Deckle.Hud/Windows/HudOverlayWindow.xaml.cs:31,non,Duplicated verbatim in HudWindow.xaml.cs:50.,,,,dip,aucune,2-qualite,"Fixed HUD geometry, visual design calibration.",,
HudOverlayWindow.HUD_WIDTH,Deckle.Hud,tuning-constant,272,src/Deckle.Hud/Windows/HudOverlayWindow.xaml.cs:30,non,"Duplicated verbatim in HudWindow.xaml.cs:49 - one exposable, two declaration sites.",,,,dip,aucune,2-qualite,"Fixed HUD geometry, visual design calibration.",,
HudOverlayWindow.MAX_ALPHA,Deckle.Hud,tuning-constant,255,src/Deckle.Hud/Windows/HudOverlayWindow.xaml.cs:41,non,,,,,alpha (0-255),aucune,2-qualite,"Ceiling of the proximity-fade curve, animation tuning.",,
HudOverlayWindow.MIN_ALPHA,Deckle.Hud,tuning-constant,40,src/Deckle.Hud/Windows/HudOverlayWindow.xaml.cs:42,non,Floor alpha of the proximity fade - the strongest user-perceivable knob of the group; gated by the persisted Overlay FadeOnProximity toggle listed in June.,,,,alpha (0-255),aucune,2-qualite,"Fade-floor calibration, already gated by the exposed FadeOnProximity toggle so the knob itself is quality tuning.",,
HudOverlayWindow.NEAR_RADIUS_DIP,Deckle.Hud,tuning-constant,10,src/Deckle.Hud/Windows/HudOverlayWindow.xaml.cs:39,non,,,,,dip,aucune,2-qualite,"Proximity-fade curve parameter, animation tuning.",,
HudWindow.FADE_IN_MS,Deckle.Hud,tuning-constant,150,src/Deckle.Hud/Windows/HudWindow.xaml.cs:103,non,Animation duration; gated by the persisted Overlay Animations toggle.,,,,ms,aucune,2-qualite,"Animation duration gated by the exposed Animations toggle, pure animation tuning.",,
HudWindow.FAR_RADIUS_DIP,Deckle.Hud,tuning-constant,128,src/Deckle.Hud/Windows/HudWindow.xaml.cs:59,non,,,,,dip,aucune,2-qualite,"Proximity-fade curve radius, animation tuning.",,
HudWindow.HUD_BOTTOM_MARGIN,Deckle.Hud,tuning-constant,96,src/Deckle.Hud/Windows/HudWindow.xaml.cs:51,non,Screen-edge offset of the HUD; adjacent to the persisted Overlay Position choice (TopCenter/BottomCenter).,,,,dip,aucune,2-qualite,"Edge-offset layout calibration; the user-facing choice is the persisted Position setting, this constant is visual tuning.",,
HudWindow.HUD_HEIGHT,Deckle.Hud,tuning-constant,78,src/Deckle.Hud/Windows/HudWindow.xaml.cs:50,non,Duplicate of HudOverlayWindow.HUD_HEIGHT.,,,,dip,aucune,2-qualite,"Duplicate of HudOverlayWindow.HUD_HEIGHT, same visual geometry calibration.",,
HudWindow.HUD_WIDTH,Deckle.Hud,tuning-constant,272,src/Deckle.Hud/Windows/HudWindow.xaml.cs:49,non,Duplicate of HudOverlayWindow.HUD_WIDTH.,,,,dip,aucune,2-qualite,"Duplicate of HudOverlayWindow.HUD_WIDTH, same visual geometry calibration.",,
HudWindow.MAX_ALPHA,Deckle.Hud,tuning-constant,255,src/Deckle.Hud/Windows/HudWindow.xaml.cs:60,non,,,,,alpha (0-255),aucune,2-qualite,"Ceiling of the proximity-fade curve, animation tuning.",,
HudWindow.MIN_ALPHA,Deckle.Hud,tuning-constant,40,src/Deckle.Hud/Windows/HudWindow.xaml.cs:61,non,Floor alpha of the main-HUD proximity fade.,,,,alpha (0-255),aucune,2-qualite,"Fade-floor calibration of the main HUD, animation tuning behind the exposed toggle.",,
HudWindow.NEAR_RADIUS_DIP,Deckle.Hud,tuning-constant,10,src/Deckle.Hud/Windows/HudWindow.xaml.cs:58,non,,,,,dip,aucune,2-qualite,"Proximity-fade curve parameter, animation tuning.",,
HudWindow.SuccessDuration,Deckle.Hud,tuning-constant,TimeSpan.FromSeconds(2),src/Deckle.Hud/Windows/HudWindow.xaml.cs:246,non,How long the Copied/Pasted confirmation stays up - directly user-perceivable dwell time.,,,,s,aucune,2-qualite,"Confirmation dwell time, a UX timing calibration rather than a per-person preference.",,
LayeredAlphaAnimator.Duration,Deckle.Hud,tuning-constant,TimeSpan.FromMilliseconds(150),src/Deckle.Hud/Windows/WindowSlideAnimator.cs:154,non,Matches HudWindow.FADE_IN_MS by intent (source comment) - the three fade durations move together.,,,,ms,aucune,2-qualite,"Fade duration deliberately matched to FADE_IN_MS, animation tuning.",,
LayeredAlphaAnimator.FrameIntervalMs,Deckle.Hud,tuning-constant,16,src/Deckle.Hud/Windows/WindowSlideAnimator.cs:153,non,"Second declaration in the same file (LayeredAlphaAnimator, not WindowSlideAnimator); same doubt as above.",,,,ms,aucune,1-robustesse,"Internal ~60 Hz tick cadence, implementation constant.",,
ProximityRollupAggregator.Capacity,Deckle.Hud,tuning-constant,2048,src/Deckle.Hud/ProximityRollupAggregator.cs:15,non,Ring-buffer depth for the proximity rollup; perceivable only in log-window statistics.,,,,count,aucune,1-robustesse,"Ring-buffer depth, an internal buffer size.",,
WindowSlideAnimator.Duration,Deckle.Hud,tuning-constant,TimeSpan.FromMilliseconds(150),src/Deckle.Hud/Windows/WindowSlideAnimator.cs:25,non,,,,,ms,aucune,2-qualite,"Slide animation duration, animation tuning.",,
WindowSlideAnimator.FrameIntervalMs,Deckle.Hud,tuning-constant,16,src/Deckle.Hud/Windows/WindowSlideAnimator.cs:24,non,~60 Hz tick; implementation cadence rather than a knob.,,,,ms,aucune,1-robustesse,"Internal animation tick cadence, implementation constant.",,
ContactFrameRecorder.FlushPeriodMs,Deckle.Input,tuning-constant,500,src/Deckle.Input/Telemetry/ContactFrameRecorder.cs:28,non,"JSONL flush cadence of the contact-frame diagnostic recorder. Affects data-loss window on crash, nothing user-facing.",,,,ms,aucune,4-diagnostics,Flush cadence of a diagnostic JSONL recorder — pure observability plumbing.,,
FocusEventCoalescer.WindowMilliseconds,Deckle.Input,tuning-constant,50,src/Deckle.Input/Keyboard/FocusEventCoalescer.cs:10,non,Burst window collapsing duplicate WinEvent focus callbacks. Perceivable only indirectly (password-gate reactivity). Borderline implementation constant — kept per doubt rule.,,,,ms,aucune,1-robustesse,A debounce window collapsing duplicate WinEvent callbacks — internal robustness cadence.,,
KeyboardInputHost.RollupPeriodMs,Deckle.Input,tuning-constant,30000,src/Deckle.Input/Keyboard/KeyboardInputHost.cs:47,non,"Logging rollup period, diagnostic cadence only. Kept but a strong drop candidate.",,,,ms,aucune,4-diagnostics,"Logging rollup period, explicitly a diagnostic cadence.",,
KeyboardInputHost.WheelObservationTimerMs,Deckle.Input,tuning-constant,10,src/Deckle.Input/Keyboard/KeyboardInputHost.WheelObservations.cs:6,non,Pump timer cadence draining wheel observations — pairs with RetentionMs to set wheel latency. Keep alongside it.,,,,ms,aucune,1-robustesse,"Internal pump-timer cadence draining a queue — infrastructure timing, frozen.",,
MouseWheelSettings.RecordEvents,Deckle.Input,persisted-setting,false,src/Deckle.Input/MouseWheelSettings.cs:20,oui,"Verified: only persisted member of the module, written to <UserDataRoot>/modules/mousewheel/settings.json via MouseWheelSettingsService. Diagnostic-category, surfaced today only in Playground per June inventory.",,,,,settings,4-diagnostics,"Event-recording toggle feeding the wheel JSONL — observability tooling, Playground/Diagnostics.",,
PrecisionTouchpadInjector.DeviceHeight,Deckle.Input,tuning-constant,6000,src/Deckle.Input/Injection/PrecisionTouchpadInjector.cs:13,non,"Same as DeviceWidth — synthetic device physical height, sets gesture coordinate scale.",,,,himetric (1/100 mm),aucune,1-robustesse,Same structural coordinate-scale contract as DeviceWidth — frozen internal constant.,,
PrecisionTouchpadInjector.DeviceWidth,Deckle.Input,tuning-constant,10000,src/Deckle.Input/Injection/PrecisionTouchpadInjector.cs:12,non,"Himetric (1/100 mm) physical size of the synthetic gesture-only touchpad. Not user-perceivable as a knob, but it sets the coordinate scale every injected gesture is expressed in — keep, likely frozen.",,,,himetric (1/100 mm),aucune,1-robustesse,"Structural coordinate-scale constant of the synthetic device — frozen internal contract, not tuning.",,
RawInputHost.RollupPeriodMs,Deckle.Input,tuning-constant,5000,src/Deckle.Input/RawInputHost.cs:30,non,"Same nature as the KeyboardInputHost one, different value (5 s vs 30 s) on the sibling host — the inconsistency itself may be worth a look. Diagnostic cadence only.",,,,ms,aucune,4-diagnostics,"Diagnostic logging rollup cadence, sibling of the KeyboardInputHost one.",,
WheelEventQueue.Capacity,Deckle.Input,tuning-constant,256,src/Deckle.Input/Keyboard/WheelEventQueue.cs:7,non,"Sweep reported line 8; actual declaration is line 7 (line 8 is the derived Mask). Hook→pump handoff ring size, implementation sizing. Likely drop.",,,,count,aucune,1-robustesse,Ring-buffer size for hook-to-pump handoff — internal buffer sizing.,,
WheelEventRecorder.FlushPeriodMs,Deckle.Input,tuning-constant,500,src/Deckle.Input/Telemetry/WheelEventRecorder.cs:33,non,Same as ContactFrameRecorder — flush cadence of the wheel JSONL driven by MouseWheelSettings.RecordEvents.,,,,ms,aucune,4-diagnostics,Flush cadence of the wheel diagnostic recorder driven by RecordEvents.,,
WheelObservationBuffer.CapacityPerSource,Deckle.Input,tuning-constant,64,src/Deckle.Input/Keyboard/WheelObservationBuffer.cs:10,non,"Fixed per-source ring size. Pure implementation sizing; overflow forces an early publish, so it has a faint behavioral edge. Likely drop on arbitration.",,,,count,aucune,1-robustesse,Fixed per-source ring size — internal buffer sizing with only a faint behavioral edge.,,
WheelObservationBuffer.RetentionMs,Deckle.Input,tuning-constant,40,src/Deckle.Input/Keyboard/WheelObservationBuffer.cs:9,non,How long a hook/RawInput wheel observation is held awaiting its pair before publishing. Directly governs wheel-event latency and correlation quality — the most plausible genuine tuning knob of the wheel path.,,,,ms,aucune,2-qualite,"Pairing-window tuning trading wheel latency against correlation quality — quality calibration, not user personalization.",,
DistancePerDetentMaximum,Deckle.Input.PrecisionScroll,tuning-constant,6,src/Deckle.Input.PrecisionScroll/PrecisionScrollTuning.cs:8,non,Clamp bound consumed by Normalize() — a slider range endpoint rather than a knob.,,,,mm/step,aucune,1-robustesse,"Clamp bound / slider range endpoint — validation bound, frozen.",,
DistancePerDetentMinimum,Deckle.Input.PrecisionScroll,tuning-constant,0.25,src/Deckle.Input.PrecisionScroll/PrecisionScrollTuning.cs:7,non,Clamp bound consumed by Normalize() — a slider range endpoint rather than a knob.,,,,mm/step,aucune,1-robustesse,"Clamp bound / slider range endpoint consumed by Normalize() — a validation bound, frozen.",,
DistancePerDetentMm,Deckle.Input.PrecisionScroll,default-value,1.5,src/Deckle.Input.PrecisionScroll/PrecisionScrollTuning.cs:14,non,,0.25,6,0.2,mm/step,settings,3-personnalisation,"Scroll distance per wheel detent, already surfaced in settings; the trade-off (more distance = faster scrolling) is one-sentence explainable.",,
Enabled,Deckle.Input.PrecisionScroll,persisted-setting,false,src/Deckle.Input.PrecisionScroll/PrecisionScrollSettings.cs:5,non,,,,,,settings,3-personnalisation,"Module on/off toggle — a behavior choice per user, canonical Settings material.",,
FrameIntervalMs,Deckle.Input.PrecisionScroll,tuning-constant,10,src/Deckle.Input.PrecisionScroll/Engine/PrecisionScrollGesture.cs:27,non,"Synthetic-frame cadence (100 Hz) of the injected scroll — perceptible as smoothness, but plausibly a frozen implementation choice.",,,,ms,aucune,2-qualite,"Synthetic-frame cadence perceived as smoothness — animation quality tuning, plausibly frozen.",,
InitialStepDurationMaximum,Deckle.Input.PrecisionScroll,tuning-constant,180,src/Deckle.Input.PrecisionScroll/PrecisionScrollTuning.cs:10,non,Clamp bound consumed by Normalize() — a slider range endpoint rather than a knob.,,,,ms,aucune,1-robustesse,"Clamp bound / slider range endpoint — validation bound, frozen.",,
InitialStepDurationMinimum,Deckle.Input.PrecisionScroll,tuning-constant,20,src/Deckle.Input.PrecisionScroll/PrecisionScrollTuning.cs:9,non,Clamp bound consumed by Normalize() — a slider range endpoint rather than a knob.,,,,ms,aucune,1-robustesse,"Clamp bound / slider range endpoint — validation bound, frozen.",,
InitialStepDurationMs,Deckle.Input.PrecisionScroll,default-value,60,src/Deckle.Input.PrecisionScroll/PrecisionScrollTuning.cs:15,non,,20,180,5,ms,settings,3-personnalisation,"Surfaced settings slider; the feel trade-off (longer step = smoother, slower scroll) is one-sentence explainable, so personalization wins the frontier.",,
QuietPeriodScale,Deckle.Input.PrecisionScroll,default-value,2,src/Deckle.Input.PrecisionScroll/PrecisionScrollTuning.cs:16,non,,1,4,0.1,ratio (×),settings,3-personnalisation,"Surfaced settings slider on scroll pacing; explainable in one sentence, so personalization wins over pure tuning.",,
QuietPeriodScaleMaximum,Deckle.Input.PrecisionScroll,tuning-constant,4,src/Deckle.Input.PrecisionScroll/PrecisionScrollTuning.cs:12,non,Clamp bound consumed by Normalize() — a slider range endpoint rather than a knob.,,,,ratio,aucune,1-robustesse,"Clamp bound / slider range endpoint — validation bound, frozen.",,
QuietPeriodScaleMinimum,Deckle.Input.PrecisionScroll,tuning-constant,1,src/Deckle.Input.PrecisionScroll/PrecisionScrollTuning.cs:11,non,Clamp bound consumed by Normalize() — a slider range endpoint rather than a knob.,,,,ratio,aucune,1-robustesse,"Clamp bound / slider range endpoint — validation bound, frozen.",,
Tuning,Deckle.Input.PrecisionScroll,persisted-setting,new PrecisionScrollTuning(),src/Deckle.Input.PrecisionScroll/PrecisionScrollSettings.cs:7,non,"Container property, not a knob itself — its three members are the real exposables. Kept so the persisted shape stays visible.",,,,,settings,3-personnalisation,"Container of the three surfaced personalization sliders — follows its members, not a knob itself.",,
BaseScale,Deckle.Input.Trackpad,tuning-constant,0.25,src/Deckle.Input.Trackpad/Engine/TrackpadEngine.cs:24,non,Source comment states sensitivity is the DragSpeed slider alone — arbitrated shut.,,,,ratio,aucune,2-qualite,Engine sensitivity base arbitrated shut (DragSpeed is the only user dial) — frozen quality calibration.,,
DragSpeed,Deckle.Input.Trackpad,persisted-setting,1.0,src/Deckle.Input.Trackpad/TrackpadSettings.cs:16,oui,,0.25,3.0,0.1,ratio (×),settings,3-personnalisation,"The one sensitivity slider by decision; per-person hand feel, canonical Settings knob.",,
Enabled,Deckle.Input.Trackpad,persisted-setting,false,src/Deckle.Input.Trackpad/TrackpadSettings.cs:8,oui,,,,,,settings,3-personnalisation,Module on/off toggle — per-user behavior choice for the Settings UI.,,
GraceDelayMs,Deckle.Input.Trackpad,tuning-constant,0,src/Deckle.Input.Trackpad/Engine/TrackpadEngine.cs:28,non,Frozen 2026-06-12 after hands-on calibration; TrackpadSettings comment says a stale persisted Tuning object is ignored.,,,,ms,aucune,2-qualite,"Gesture-feel value frozen 2026-06-12 after hands-on calibration — quality tuning, arbitrated shut. (Engine constant, TrackpadEngine.cs:28.)",,
GraceDelayMs,Deckle.Input.Trackpad,default-value,"0 (implicit, no initializer)",src/Deckle.Input.Trackpad/Engine/ThreeFingerDragRecognizer.cs:40,non,"Missed by the sweep (no initializer, hence no value token). Settable for tests; the engine writes the frozen value. Kept for symmetry with its two sibling recognizer knobs.",,,,ms,aucune,2-qualite,"Recognizer-side twin of the frozen engine calibration, settable only for tests — same quality-tuning knob. (ThreeFingerDragRecognizer.cs:40.)",,
MaxFrameDeltaRatio,Deckle.Input.Trackpad,tuning-constant,0.08,src/Deckle.Input.Trackpad/Engine/TrackpadEngine.cs:19,non,Source comment states it is an in-engine constant by decision (smoothing is never exposed) — an exposable already arbitrated shut.,,,,ratio,aucune,2-qualite,Smoothing clamp explicitly decided never to be exposed — frozen quality calibration.,,
MaxFrameDeltaUnits,Deckle.Input.Trackpad,default-value,double.MaxValue,src/Deckle.Input.Trackpad/Engine/ThreeFingerDragRecognizer.cs:46,non,Placeholder default (clamp disabled) — TrackpadEngine overwrites it at runtime from MaxFrameDeltaRatio.,,,,device units,aucune,2-qualite,Placeholder overwritten at runtime from MaxFrameDeltaRatio — belongs to the same frozen smoothing calibration.,,
RecordFrames,Deckle.Input.Trackpad,persisted-setting,false,src/Deckle.Input.Trackpad/TrackpadSettings.cs:23,oui,,,,,,settings,4-diagnostics,Frame-recording toggle for gesture capture — observability/test tooling for the Diagnostics page.,,
StartThresholdRatio,Deckle.Input.Trackpad,tuning-constant,0.001,src/Deckle.Input.Trackpad/Engine/TrackpadEngine.cs:35,non,Frozen 2026-06-12; deliberately non-zero (framing decision: a three-finger tap must do nothing).,,,,ratio,aucune,2-qualite,"Gesture-start threshold frozen 2026-06-12 as a deliberate framing decision — quality calibration, arbitrated shut.",,
StartThresholdUnits,Deckle.Input.Trackpad,default-value,50,src/Deckle.Input.Trackpad/Engine/ThreeFingerDragRecognizer.cs:43,non,Placeholder default — TrackpadEngine overwrites it at runtime from StartThresholdRatio times the device X range. Never effective as 50.,,,,device units,aucune,2-qualite,Placeholder overwritten at runtime from StartThresholdRatio — same frozen threshold calibration.,,
DataRootVariable,Deckle.Install,tuning-constant,"""DECKLE_DATA_ROOT""",src/Deckle.Install/UserEnvironment.cs:14,non,"Verified at source. Name of the HKCU user env var carrying the data-root override; written by the installer only when the user picks a non-default folder. The variable name is a contract, not a value — but it is the documented user-actionable relocation lever. Kept under doubt.",,,,,aucune,3-personnalisation,The documented user-actionable data-relocation lever (env var name backing the folder choice).,,
DefaultDataDir,Deckle.Install,default-value,"Path.Combine(LocalAppData, ""Deckle"")",src/Deckle.Install/InstallPaths.cs:24,non,"MISSED BY SWEEP — added from source. The real data default (%LOCALAPPDATA%\Deckle, what AppPaths uses); the sweep only caught SetupContext.DataDirectory which forwards to it. User-changeable on the Folders page, relocatable via DECKLE_DATA_ROOT.",,,,,assistant,3-personnalisation,"Data folder default, user-changeable on the setup Folders page; a per-person location choice.",,
DefaultInstallDir,Deckle.Install,default-value,"Path.Combine(LocalAppData, ""Programs"", ""Deckle"")",src/Deckle.Install/InstallPaths.cs:22,non,MISSED BY SWEEP — added from source. The real binaries default (%LOCALAPPDATA%\Programs\Deckle); the sweep only caught SetupContext.InstallDirectory which forwards to it. User-changeable on the Folders page.,,,,,assistant,3-personnalisation,"Install folder default, user-changeable on the Folders page; same per-person location choice.",,
Repo,Deckle.Install,tuning-constant,"""louisfifre/deckle""",src/Deckle.Install/ReleaseResolver.cs:30,non,"Verified at source. GitHub owner/repo the update stub resolves releases from. Frozen distribution contract, not a knob today — but it is the single lever for pointing the updater elsewhere (fork, self-host). Kept under doubt.",,,,,aucune,3-personnalisation,"Update source repository; the one-sentence trade-off (point the updater at your own fork) is explainable, so personalization wins over the frozen-contract reading.",,
ProgressThrottleMs,Deckle.Installer,tuning-constant,100,src/Deckle.Installer/Io/Downloader.cs:22,non,"Verified at source, comment reads ""~10 updates/sec, no flicker"". Governs the perceived smoothness of the download progress bar — user-perceivable, but a rendering-hygiene constant with no plausible exposure. Kept under doubt; nearest thing to an exposable in the whole Installer module.",,,,ms,aucune,2-qualite,"Progress-bar rendering smoothness tuning (~10 fps, no flicker); animation-quality craft value.",,
AmbientTransitionDeciseconds,Deckle.Lighting,tuning-constant,`1`,src/Deckle.Lighting/Hue/HueBridgeClient.cs:141,non,Strong keeper. Comment documents the perceptual tradeoff explicitly (Hue factory default 4 = 400ms reads sluggish; 1 = 100ms is responsive without strobing at 15 Hz). Directly user-perceivable on the lamp.,,,,deciseconds,aucune,2-qualite,"Perceptual transition-time tuning on the lamp, calibrated against Hue factory default; classic quality dial, frozen in code.",,
BrowseWindow,Deckle.Lighting,tuning-constant,`TimeSpan.FromSeconds(3)`,src/Deckle.Lighting/Hue/HueLocalDiscovery.cs:20,non,mDNS browse duration — directly the length of the bridge-discovery wait in the pairing UI.,,,,s,aucune,1-robustesse,"mDNS browse duration is an internal discovery timeout, even if felt as pairing wait.",,
CloudDiscoveryUrl,Deckle.Lighting,tuning-constant,"`""https://discovery.meethue.com/""`",src/Deckle.Lighting/Hue/HueDiscovery.cs:10,non,"The only cloud endpoint in the batch — an explicitly-requested fallback to Philips' hosted discovery. Not a tuning value, but it is the one exposable here that touches the emancipation-from-cloud goal: a user might want it disabled outright rather than retargeted.",,,,,aucune,3-personnalisation,"Not a tuning value; the real exposable is a user choice to allow or disable the Philips cloud fallback, explainable in one sentence and tied to the emancipation goal.",,
ConnectTimeout,Deckle.Lighting,tuning-constant,`TimeSpan.FromSeconds(5)`,src/Deckle.Lighting/Hue/HueEntertainmentTransport.cs:12,non,DTLS connect timeout. Perceivable as how long the user waits before a connection failure surfaces.,,,,s,aucune,1-robustesse,"DTLS connect timeout, pure robustness bound.",,
IncidentDelay,Deckle.Lighting,tuning-constant,`TimeSpan.FromSeconds(5)`,src/Deckle.Lighting/Hue/HueEventStreamEpisode.cs:8,non,Grace window before an event-stream drop is declared an incident. Debounce constant — user-perceivable only through notification/status noise.,,,,s,aucune,1-robustesse,Debounce grace window before declaring an event-stream incident.,,
ResolveWindow,Deckle.Lighting,tuning-constant,`TimeSpan.FromSeconds(2)`,src/Deckle.Lighting/Hue/HueLocalDiscovery.cs:21,non,"mDNS resolve duration, same discovery wait as BrowseWindow. The two would arbitrate together, not separately.",,,,s,aucune,1-robustesse,"mDNS resolve timeout, arbitrates together with BrowseWindow as a discovery bound.",,
RestPrePrimeColor,Deckle.Lighting,tuning-constant,"`new(1, 1, 1)`",src/Deckle.Lighting/Hue/HueEntertainmentLightOutput.cs:11,non,Near-black priming colour pushed to lights at stream start — visible on the lamp for one frame. Plausibly a frozen implementation detail.,,,,,aucune,2-qualite,"One-frame priming colour is a visual-quality implementation choice, not a robustness bound or a user preference.",,
StopStreamingTimeout,Deckle.Lighting,tuning-constant,`TimeSpan.FromSeconds(3)`,src/Deckle.Lighting/Hue/HueEntertainmentLightOutput.cs:10,non,Bounds how long stopping the Entertainment stream can hang. Perceivable as a stall when Ambient is turned off.,,,,s,aucune,1-robustesse,Bound on how long stream teardown may hang; robustness timeout.,,
AmbientEngine.FrameProcessingFatalDelayMs,Deckle.Lighting.Ambient,tuning-constant,`5_000`,src/Deckle.Lighting.Ambient/Engine/AmbientEngine.CaptureEvents.cs:13,non,Same family as the incident delay; likely frozen-in-code.,,,,ms,aucune,1-robustesse,Fatal-error escalation delay on the frame path.,,
AmbientEngine.FrameProcessingGapCapMs,Deckle.Lighting.Ambient,tuning-constant,`250`,src/Deckle.Lighting.Ambient/Engine/AmbientEngine.CaptureEvents.cs:14,non,Telemetry/gap accounting cap; likely pure implementation.,,,,ms,aucune,1-robustesse,"Internal gap-accounting cap, pure implementation bound.",,
AmbientEngine.FrameProcessingIncidentDelayMs,Deckle.Lighting.Ambient,tuning-constant,`1_000`,src/Deckle.Lighting.Ambient/Engine/AmbientEngine.CaptureEvents.cs:12,non,Error/backoff timing on the frame path. Probably pure implementation; kept because it surfaces as recovery latency after a capture incident.,,,,ms,aucune,1-robustesse,Error/backoff timing governing recovery latency after a capture incident.,,
AmbientEngine.GroupPushHz,Deckle.Lighting.Ambient,tuning-constant,`15`,src/Deckle.Lighting.Ambient/Engine/AmbientEngine.cs:89,non,Directly perceivable (reactivity vs bridge load) and coupled to ScreenCaptureService ThrottleIntervalMs=66 in Deckle.Vision - moving one without the other desynchronises the pipeline.,,,,Hz,aucune,2-qualite,"Reactivity-vs-bridge-load tuning, coupled to the Vision capture cadence; quality dial frozen in code.",,
AmbientEngine.HeartbeatIntervalMs,Deckle.Lighting.Ambient,tuning-constant,`5000`,src/Deckle.Lighting.Ambient/Engine/AmbientEngine.cs:137,non,Log-cadence only; perceivable solely in the LogWindow. Borderline diagnostic exposable.,,,,ms,aucune,4-diagnostics,"Log heartbeat cadence, visible only in the LogWindow; observability.",,
AmbientEngine.MultiPushHz,Deckle.Lighting.Ambient,tuning-constant,`10`,src/Deckle.Lighting.Ambient/Engine/AmbientEngine.cs:97,non,At the Philips-documented ceiling (10 Hz per light); raising it risks bridge rate-limiting. Exposable only with a hard clamp.,,,,Hz,aucune,2-qualite,"Per-light push rate tuning pinned at the Philips-documented ceiling; quality/perf calibration, not a user knob.",,
AmbientEngine.OffThreshold,Deckle.Lighting.Ambient,tuning-constant,`8`,src/Deckle.Lighting.Ambient/Engine/AmbientEngine.cs:114,non,"Code comment explicitly plans to surface it in the Playground tuning panel (J5). Strong exposable candidate, unlisted in June.",,,,niveau Hue (0-254),aucune,2-qualite,Brightness cutoff heuristic the code plans to surface in the Playground tuning panel; quality tuning.,,
AmbientHueChangeAttributor.BrightnessTolerance,Deckle.Lighting.Ambient,tuning-constant,`1`,src/Deckle.Lighting.Ambient/Engine/AmbientHueChangeAttributor.cs:25,non,Echo-matching tolerance; likely a pure implementation constant.,,,,niveau Hue (delta),aucune,1-robustesse,Internal echo-matching tolerance for attribution correctness.,,
AmbientHueChangeAttributor.PendingEchoWindow,Deckle.Lighting.Ambient,tuning-constant,`TimeSpan.FromSeconds(10)`,src/Deckle.Lighting.Ambient/Engine/AmbientHueChangeAttributor.cs:23,non,Attribution heuristic (is this bridge update our own echo). Internal; perceivable only through diagnostic wording.,,,,s,aucune,1-robustesse,Internal attribution window; robustness of the own-echo heuristic.,,
AmbientHueChangeAttributor.XyTolerance,Deckle.Lighting.Ambient,tuning-constant,`0.002f`,src/Deckle.Lighting.Ambient/Engine/AmbientHueChangeAttributor.cs:26,non,Echo-matching tolerance; likely a pure implementation constant.,,,,CIE xy,aucune,1-robustesse,"Internal echo-matching tolerance, pure implementation constant.",,
AmbientModePresets.Ambient,Deckle.Lighting.Ambient,default-value,"`ExposureEv -0.5, SaturationBoost 0.7, MinBrightnessEnabled true, MinBrightness 40, Curve 0.18/0.55/0.40/0.90, SmoothingAlpha 0.08, ChangeThreshold 10`",src/Deckle.Lighting.Ambient/Engine/AmbientModePresets.cs:49-62,non,Missed by the sweep; a full tuning bundle behind one enum value.,,,,,aucune,2-qualite,"A calibrated tuning bundle behind one preset value; the preset choice is Mode, the bundle itself is quality tuning.",,
AmbientModePresets.Game,Deckle.Lighting.Ambient,default-value,"`ExposureEv 0.5, SaturationBoost 1.3, MinBrightnessEnabled true, MinBrightness 100, Curve 0.33/0.33/0.67/0.67, SmoothingAlpha 0.40, ChangeThreshold 6`",src/Deckle.Lighting.Ambient/Engine/AmbientModePresets.cs:21-33,non,"Missed by the sweep (assignments inside a switch, not initializers). This is the effective out-of-box tuning since Mode defaults to Game - it overrides several AmbientSettings POCO defaults.",,,,,aucune,2-qualite,"The effective out-of-box tuning bundle; calibration values, not individually user-facing.",,
AmbientModePresets.Movie,Deckle.Lighting.Ambient,default-value,"`ExposureEv 0.0, SaturationBoost 0.9, MinBrightnessEnabled true, MinBrightness 60, Curve 0.42/0.08/0.58/0.92, SmoothingAlpha 0.15, ChangeThreshold 8`",src/Deckle.Lighting.Ambient/Engine/AmbientModePresets.cs:35-47,non,Missed by the sweep; a full tuning bundle behind one enum value.,,,,,aucune,2-qualite,Calibrated tuning bundle behind the Movie preset; quality tuning.,,
AmbientSettings.BorderCells,Deckle.Lighting.Ambient,persisted-setting,`8`,src/Deckle.Lighting.Ambient/AmbientSettings.cs:162,oui,"Only meaningful when BorderMode == Cells. Range [4,24] step 2, enforced by the slider. AmbientEngine.cs comment still calls the mode 'Pixels' while the enum member is Cells - stale wording.",4,24,2,count,playground,2-qualite,Capture-border sampling tuning already alive in the Playground; stays there.,,
AmbientSettings.BorderDepth,Deckle.Lighting.Ambient,persisted-setting,`0.33`,src/Deckle.Lighting.Ambient/AmbientSettings.cs:146,oui,"Only meaningful when BorderMode == Share. Practical range [0.05, 0.5] clamped by the UI, not by the POCO. Slider is graduated in percent (5-50, step 5) and mapped /100 to the stored ratio.",5,50,5,%,playground,2-qualite,Border-share tuning already in the Playground; quality dial.,,
AmbientSettings.BorderMode,Deckle.Lighting.Ambient,persisted-setting,`BorderThicknessMode.Share`,src/Deckle.Lighting.Ambient/AmbientSettings.cs:134,oui,,,,,,playground,2-qualite,Sampling-strategy tuning selector in the Playground; not a personal preference a user could reason about in one sentence.,,
AmbientSettings.BrightnessCurveX1,Deckle.Lighting.Ambient,persisted-setting,`0.42`,src/Deckle.Lighting.Ambient/AmbientSettings.cs:228,oui,Game preset overrides to 0.33.,0,1,0.01,ratio,playground,2-qualite,Bezier-curve calibration edited jointly in the Playground curve editor; quality tuning.,,
AmbientSettings.BrightnessCurveX2,Deckle.Lighting.Ambient,persisted-setting,`1.00`,src/Deckle.Lighting.Ambient/AmbientSettings.cs:235,oui,Game preset overrides to 0.67.,0,1,0.01,ratio,playground,2-qualite,Same joint bezier calibration; Playground quality tuning.,,
AmbientSettings.BrightnessCurveY1,Deckle.Lighting.Ambient,persisted-setting,`0.00`,src/Deckle.Lighting.Ambient/AmbientSettings.cs:232,oui,Game preset overrides to 0.33.,0,1,0.01,ratio,playground,2-qualite,Same joint bezier calibration; Playground quality tuning.,,
AmbientSettings.BrightnessCurveY2,Deckle.Lighting.Ambient,persisted-setting,`1.00`,src/Deckle.Lighting.Ambient/AmbientSettings.cs:238,oui,"Game preset overrides to 0.67. The four curve values are one exposable (a bezier editor), not four sliders - BrightnessCurveCanvas edits them jointly.",0,1,0.01,ratio,playground,2-qualite,Same joint bezier calibration; Playground quality tuning.,,
AmbientSettings.ChangeThreshold,Deckle.Lighting.Ambient,persisted-setting,`6`,src/Deckle.Lighting.Ambient/AmbientSettings.cs:247,oui,,0,30,1,niveau Hue (delta),playground,2-qualite,Update-delta threshold tuning already in the Playground; quality dial.,,
AmbientSettings.Enabled,Deckle.Lighting.Ambient,persisted-setting,`false`,src/Deckle.Lighting.Ambient/AmbientSettings.cs:20,oui,Comment says persisted but had no consumer until J3 wiring; verify the runtime toggle is now wired.,,,,,"settings,playground,tray",3-personnalisation,"The module on/off behavior toggle, surfaced in settings and tray; canonical personalization.",,
AmbientSettings.ExposureEv,Deckle.Lighting.Ambient,persisted-setting,`0.0`,src/Deckle.Lighting.Ambient/AmbientSettings.cs:199,oui,POCO default 0.0 but the shipping Mode default (Game) preset sets 0.5 - the effective out-of-box value is 0.5.,-2.0,2.0,0.5,EV,playground,2-qualite,Exposure calibration living in the Playground; quality tuning under the preset system.,,
AmbientSettings.HueBridgeId,Deckle.Lighting.Ambient,persisted-setting,`null`,src/Deckle.Lighting.Ambient/AmbientSettings.cs:39,oui,,,,,,aucune,3-personnalisation,"Bridge pairing identity, part of the per-user device selection block.",,
AmbientSettings.HueBridgeIp,Deckle.Lighting.Ambient,persisted-setting,`null`,src/Deckle.Lighting.Ambient/AmbientSettings.cs:36,oui,"June lists the pairing trio (HueBridgeId/HueUsername/HueLastGroupId) as bespoke; HueBridgeIp is a fourth member of the same pairing block, not named explicitly.",,,,,"settings,playground",3-personnalisation,Local endpoint of the user's own bridge; device/endpoint personalization.,,
AmbientSettings.HueLastGroupId,Deckle.Lighting.Ambient,persisted-setting,`null`,src/Deckle.Lighting.Ambient/AmbientSettings.cs:50,oui,,,,,,"settings,playground",3-personnalisation,Which entertainment group to drive; per-user device selection.,,
AmbientSettings.HueUsername,Deckle.Lighting.Ambient,persisted-setting,`null`,src/Deckle.Lighting.Ambient/AmbientSettings.cs:45,oui,Credential-ish (CLIP API key). Written in clear JSON by design; the DTLS clientkey lives in the DPAPI vault instead.,,,,,aucune,3-personnalisation,"Pairing credential produced by the user's own bridge; belongs to the same personalization pairing block, though written by the flow rather than edited.",,
AmbientSettings.LightBrightness,Deckle.Lighting.Ambient,persisted-setting,"`new Dictionary<string, double>() (empty; missing key = 1.0)`",src/Deckle.Lighting.Ambient/AmbientSettings.cs:123,oui,"Sweep value truncated. Per-light implicit default 1.0 lives in consumer code, not in the POCO.",,,,ratio,aucune,3-personnalisation,"Per-lamp brightness scaling reflecting the user's room and taste; explainable in one sentence, so personalization wins over the tuning reading.",,
AmbientSettings.LightZones,Deckle.Lighting.Ambient,persisted-setting,"`new Dictionary<string, LightZone>() (empty)`",src/Deckle.Lighting.Ambient/AmbientSettings.cs:112,oui,Sweep value 'new()' truncated; real default is an empty dictionary keyed by opaque light id. June flags it non-composable (per-light dynamic grid).,,,,,playground,3-personnalisation,Per-lamp screen-zone assignment mapping the user's physical lamp layout; bespoke device configuration.,,
AmbientSettings.MinBrightness,Deckle.Lighting.Ambient,persisted-setting,`180`,src/Deckle.Lighting.Ambient/AmbientSettings.cs:221,oui,"POCO 180 (matches June) but Game preset sets 100, Movie 60, Ambient 40 - 180 is only reached in Custom mode.",0,254,5,niveau Hue (0-254),playground,2-qualite,"Floor-brightness tuning driven by the presets, alive in the Playground; quality dial.",,
AmbientSettings.MinBrightnessEnabled,Deckle.Lighting.Ambient,persisted-setting,`true`,src/Deckle.Lighting.Ambient/AmbientSettings.cs:211,non,June lists MinBrightness but not its enabling switch.,,,,,playground,2-qualite,Enabling switch of the same floor-brightness tuning; travels with MinBrightness in the Playground.,,
AmbientSettings.Mode,Deckle.Lighting.Ambient,persisted-setting,`AmbientMode.Game`,src/Deckle.Lighting.Ambient/AmbientSettings.cs:80,oui,"Enum Game/Movie/Ambient/Custom; setting it applies a whole preset bundle to the other knobs, and touching any tuning knob flips it to Custom. Not a plain choice descriptor.",,,,,"settings,playground",3-personnalisation,Game/Movie/Ambient preset choice is exactly the one-sentence-explainable trade-off; personalization wins even though it applies a tuning bundle.,,
AmbientSettings.SaturationBoost,Deckle.Lighting.Ambient,persisted-setting,`1.0`,src/Deckle.Lighting.Ambient/AmbientSettings.cs:205,oui,"POCO 1.0 vs Game preset 1.3. Also: the class-level comment says OKLCh, the property comment says HSV-S - the actual colour space is not settled by this file. Slider is graduated in percent (0-200, step 10) and mapped /100 to the stored ratio.",0,200,10,%,playground,2-qualite,"Colour-saturation calibration under the preset system, alive in the Playground.",,
AmbientSettings.SelectedMonitorDeviceName,Deckle.Lighting.Ambient,persisted-setting,`null`,src/Deckle.Lighting.Ambient/AmbientSettings.cs:63,non,Absent from the June inventory. Bespoke like CaptureSettings.AudioInputDeviceId: values come from a runtime monitor enumeration; null = follow primary.,,,,,settings,3-personnalisation,Which monitor to capture; runtime-enumerated device selection like the audio input device.,,
AmbientSettings.SmoothingAlpha,Deckle.Lighting.Ambient,persisted-setting,`0.30`,src/Deckle.Lighting.Ambient/AmbientSettings.cs:259,oui,POCO 0.30 vs Game preset 0.40.,0.05,1.0,0.05,ratio,playground,2-qualite,"Smoothing coefficient, textbook quality tuning alive in the Playground.",,
AmbientSettings.UseMultiLight,Deckle.Lighting.Ambient,persisted-setting,`false`,src/Deckle.Lighting.Ambient/AmbientSettings.cs:103,oui,,,,,,playground,3-personnalisation,One colour for all lamps vs per-lamp zones is a one-sentence-explainable trade-off tied to the user's lamp setup; personalization wins the tie-break.,,
BrightnessCurveCanvas.HandleSize,Deckle.Lighting.Ambient,tuning-constant,`24.0`,src/Deckle.Lighting.Ambient/Ui/Controls/BrightnessCurveCanvas.xaml.cs:18,non,"Hit-target size of the bezier handles; accessibility-relevant but not a setting. Drop candidate. Sibling HandleRadius (line 19, = HandleSize/2) was skipped by the sweep as a computed value.",,,,px,aucune,5-playground,"Rendering constant of the Playground curve-editor control, no life outside it.",,
BrightnessCurveCanvas.PlotPadding,Deckle.Lighting.Ambient,tuning-constant,`6.0`,src/Deckle.Lighting.Ambient/Ui/Controls/BrightnessCurveCanvas.xaml.cs:17,non,Pure layout constant of the curve editor; drop candidate.,,,,px,aucune,5-playground,Layout constant of the same Playground editor control.,,
BrightnessCurveCanvas.SampleCount,Deckle.Lighting.Ambient,tuning-constant,`80`,src/Deckle.Lighting.Ambient/Ui/Controls/BrightnessCurveCanvas.xaml.cs:16,non,Curve-editor rendering resolution. Almost certainly a false positive (pure UI implementation); kept per the in-doubt rule.,,,,count,aucune,5-playground,Rendering resolution of the Playground curve editor; pure instrumentation UI.,,
LightZoneSuggester.NeutralDeadband,Deckle.Lighting.Ambient,tuning-constant,`0.15`,src/Deckle.Lighting.Ambient/Engine/LightZoneSuggester.cs:35,non,"Shapes the zone auto-suggestion the user sees when assigning lamps - perceivable through a wrong suggestion, but odd to expose.",,,,ratio,aucune,2-qualite,"Heuristic calibration shaping the zone auto-suggestion; quality tuning, odd to expose.",,
DefaultBaseUrl,Deckle.Llm,tuning-constant,"""http://localhost:11434""",src/Deckle.Llm/OllamaService.cs:160,non,"Fallback used only when the persisted endpoint is unparseable or its scheme is rejected. June lists the persisted LlmSettings.OllamaEndpoint = http://localhost:11434/api/generate (Deckle.Llm.Rewrite) — same host, different path shape.",,,,,aucune,1-robustesse,Internal fallback used only when the persisted endpoint is unparseable; the real endpoint choice lives in LlmSettings.OllamaEndpoint.,,
AnchorGapDip,Deckle.Llm.Rewrite,tuning-constant,8,src/Deckle.Llm.Rewrite/Ui/RewriteOfferWindow.xaml.cs:20,non,,,,,dip,aucune,2-qualite,"Offer-window layout constant; visual polish, frozen design value.",,
AutoRewriteRule.MinDurationSeconds,Deckle.Llm.Rewrite,persisted-setting,0,src/Deckle.Llm.Rewrite/LlmSettings.cs:34,oui,"Kind fixed: default-value -> persisted-setting. Legacy shape retained for deserialization, no longer evaluated.",,,,s,aucune,1-robustesse,"Legacy shape kept only for deserialization compatibility, never evaluated; frozen internal.",,
AutoRewriteRule.ProfileId,Deckle.Llm.Rewrite,persisted-setting,"""""",src/Deckle.Llm.Rewrite/LlmSettings.cs:39,oui,"Legacy, deserialization only.",,,,,aucune,1-robustesse,Legacy deserialization-only field; frozen compatibility shim.,,
AutoRewriteRule.ProfileName,Deckle.Llm.Rewrite,persisted-setting,"""""",src/Deckle.Llm.Rewrite/LlmSettings.cs:40,oui,"Legacy, deserialization only.",,,,,aucune,1-robustesse,Legacy deserialization-only field; frozen compatibility shim.,,
AutoRewriteRuleByWords.MinWordCount,Deckle.Llm.Rewrite,persisted-setting,0,src/Deckle.Llm.Rewrite/LlmSettings.cs:47,oui,"Legacy, deserialization only.",,,,words,aucune,1-robustesse,Legacy deserialization-only field; frozen compatibility shim.,,
AutoRewriteRuleByWords.ProfileId,Deckle.Llm.Rewrite,persisted-setting,"""""",src/Deckle.Llm.Rewrite/LlmSettings.cs:48,oui,"Legacy, deserialization only.",,,,,aucune,1-robustesse,Legacy deserialization-only field; frozen compatibility shim.,,
AutoRewriteRuleByWords.ProfileName,Deckle.Llm.Rewrite,persisted-setting,"""""",src/Deckle.Llm.Rewrite/LlmSettings.cs:49,oui,"Legacy, deserialization only.",,,,,aucune,1-robustesse,Legacy deserialization-only field; frozen compatibility shim.,,
Capacity,Deckle.Llm.Rewrite,tuning-constant,4096,src/Deckle.Llm.Rewrite/Interaction/ParagraphDraft.cs:10,non,Max observed draft length before invalidation; perceivable on very long paragraphs.,,,,chars,aucune,1-robustesse,"Internal draft buffer size bounding observed paragraph length; a robustness cap, not a tuning knob.",,
CtxKSteps,Deckle.Llm.Rewrite,tuning-constant,"{1,2,4,8,16,32,64,128,256}",src/Deckle.Llm.Rewrite/Ui/ProfileViewModel.cs:14,non,Discrete ladder the NumCtxK slider snaps to; bounds what the user can pick.,,,,K tokens,settings,3-personnalisation,Discrete ladder backing the NumCtxK settings slider; it defines the bounds of a personalization control already surfaced in Settings.,,
CurlyApostrophe,Deckle.Llm.Rewrite,tuning-constant,'’',src/Deckle.Llm.Rewrite/Gate/GateToken.cs:44,non,"DROP-candidate: tokenizer character-class literal, tunes nothing. Sibling Apostrophe (line 43) likewise. Kept flagged.",,,,,aucune,2-qualite,"Tokenizer character-class literal in the diff gate; frozen linguistic quality constant, tunes nothing.",,
Deadline,Deckle.Llm.Rewrite,tuning-constant,TimeSpan.FromSeconds(3),src/Deckle.Llm.Rewrite/Engine/ParagraphRewrite.cs:30,non,Interactive offer budget; user-perceivable (offer appears or not).,,,,s,aucune,1-robustesse,"ParagraphRewrite.cs:30 interactive offer timeout; an internal deadline bound, frozen by default.",,
Deadline,Deckle.Llm.Rewrite,tuning-constant,TimeSpan.FromSeconds(5),src/Deckle.Llm.Rewrite/Engine/SentenceRewrite.cs:11,non,,,,,s,aucune,1-robustesse,SentenceRewrite.cs:11 timeout budget for the sentence proposal; internal deadline bound.,,
DefaultNumCtxK,Deckle.Llm.Rewrite,default-value,2,src/Deckle.Llm.Rewrite/Ui/ProfileViewModel.cs:16,non,Kind fixed -> default-value. CONFLICT: seeded profiles ship 8/16/16.,,,,K tokens,aucune,2-qualite,"ViewModel fallback default for an inference-tuning parameter; the user-facing knob is RewriteProfile.NumCtxK, this default stays frozen in code.",,
DefaultTemperature,Deckle.Llm.Rewrite,default-value,0.5,src/Deckle.Llm.Rewrite/Ui/ProfileViewModel.cs:15,non,Kind fixed -> default-value (VM fallback when POCO is null). CONFLICT: seeded profiles ship 0.30.,,,,,aucune,2-qualite,"ViewModel fallback default for sampling temperature; inference-tuning default frozen in code, distinct from the exposed profile field.",,
DeleteModelTimeout,Deckle.Llm.Rewrite,tuning-constant,TimeSpan.FromSeconds(30),src/Deckle.Llm.Rewrite/Ui/LlmModelsSection.xaml.cs:132,non,"MISSED BY SWEEP (inline literal, not a named field). Name coined here for the inventory.",,,,s,aucune,1-robustesse,Timeout bounding the Ollama model-delete admin call; pure robustness bound.,,
FormDistanceCap,Deckle.Llm.Rewrite,tuning-constant,3,src/Deckle.Llm.Rewrite/Gate/RewriteDiffGate.cs:27,non,"Source comment explicitly: the gate's only knobs, code-level, never exposed as settings.",,,,count,aucune,2-qualite,"Diff-gate acceptance threshold; source comment declares gate knobs code-level and never exposed — quality tuning, frozen.",,
FormDistancePercent,Deckle.Llm.Rewrite,tuning-constant,25,src/Deckle.Llm.Rewrite/Gate/RewriteDiffGate.cs:34,non,Same; tightened from 34 % on the 2026-07-19 eval.,,,,%,aucune,2-qualite,Diff-gate threshold calibrated by the 2026-07-19 eval; quality tuning frozen by doctrine.,,
HeightDip,Deckle.Llm.Rewrite,tuning-constant,280,src/Deckle.Llm.Rewrite/Ui/RewriteOfferWindow.xaml.cs:19,non,,,,,dip,aucune,2-qualite,Offer-window geometry; frozen visual design constant.,,
HttpClient.Timeout,Deckle.Llm.Rewrite,tuning-constant,Timeout.InfiniteTimeSpan,src/Deckle.Llm.Rewrite/Engine/OllamaEngine.cs:34,non,MISSED BY SWEEP. Deliberate disabling of the 100 s default; caller token is the only deadline.,,,,s,aucune,1-robustesse,Deliberate disabling of the HttpClient default timeout so the caller token is the sole deadline; internal robustness decision.,,
KeepAlive,Deckle.Llm.Rewrite,tuning-constant,"""2m""",src/Deckle.Llm.Rewrite/Engine/ParagraphRewrite.cs:40,non,VRAM residency hint; perceivable as warm/cold latency.,,,,min,aucune,2-qualite,"ParagraphRewrite.cs:40 VRAM residency hint tuning warm/cold latency; inference tuning, frozen in code.",,
KeepAlive,Deckle.Llm.Rewrite,tuning-constant,"""2m""",src/Deckle.Llm.Rewrite/Engine/SentenceRewrite.cs:14,non,,,,,min,aucune,2-qualite,SentenceRewrite.cs:14 same residency hint pair; moves with its paragraph sibling.,,
Label,Deckle.Llm.Rewrite,tuning-constant,"""paragraph""",src/Deckle.Llm.Rewrite/Engine/ParagraphRewrite.cs:21,non,"Observability label only. Borderline false positive, kept per doubt rule.",,,,,aucune,4-diagnostics,"ParagraphRewrite.cs:21 observability label only; log/telemetry naming, diagnostics territory.",,
Label,Deckle.Llm.Rewrite,tuning-constant,"""sentence_correction_proposal""",src/Deckle.Llm.Rewrite/Engine/SentenceRewrite.cs:9,non,Observability label only; same borderline call.,,,,,aucune,4-diagnostics,SentenceRewrite.cs:9 observability label only; diagnostics naming.,,
LlmSettings.AutoRewriteRules,Deckle.Llm.Rewrite,persisted-setting,"[600s->Arrangement, 300s->Affinage, 60s->Lissage]",src/Deckle.Llm.Rewrite/LlmSettings.cs:248,oui,"MISSED BY SWEEP (multi-line). Legacy, deserialization only.",,,,,aucune,1-robustesse,Legacy collection retained for deserialization only; frozen compatibility shim.,,
LlmSettings.AutoRewriteRulesByWords,Deckle.Llm.Rewrite,persisted-setting,"[1200->Arrangement, 600->Affinage, 150->Lissage]",src/Deckle.Llm.Rewrite/LlmSettings.cs:254,oui,"MISSED BY SWEEP (multi-line). Legacy, deserialization only.",,,,,aucune,1-robustesse,Legacy collection retained for deserialization only; frozen compatibility shim.,,
LlmSettings.Enabled,Deckle.Llm.Rewrite,persisted-setting,true,src/Deckle.Llm.Rewrite/LlmSettings.cs:54,oui,,,,,,settings,3-personnalisation,"Module on/off behavior toggle, a legitimate per-user choice already surfaced in Settings.",,
LlmSettings.OllamaEndpoint,Deckle.Llm.Rewrite,persisted-setting,"""http://localhost:11434/api/generate""",src/Deckle.Llm.Rewrite/LlmSettings.cs:55,oui,,,,,,settings,3-personnalisation,"Local endpoint address, explicitly a personalization category (local endpoints); varies with each user's Ollama setup.",,
LlmSettings.PrimaryRewriteProfileId,Deckle.Llm.Rewrite,persisted-setting,null,src/Deckle.Llm.Rewrite/LlmSettings.cs:70,oui,Stable companion id filled by migrations; not directly edited.,,,,,aucune,3-personnalisation,"Backing id of the primary profile selection, filled by migration; plumbing of a personalization choice, not independently exposed.",,
LlmSettings.PrimaryRewriteProfileName,Deckle.Llm.Rewrite,persisted-setting,null,src/Deckle.Llm.Rewrite/LlmSettings.cs:61,oui,Bespoke runtime-dependent ComboBox; Shift+Win+backtick.,,,,,settings,3-personnalisation,User's choice of which profile the primary hotkey fires; behavior/hotkey personalization already in Settings.,,
LlmSettings.Profiles,Deckle.Llm.Rewrite,persisted-setting,"3 seeded profiles Lissage/Affinage/Arrangement, Model="""", Temperature 0.30, NumCtxK 8/16/16, tuned French SystemPrompts",src/Deckle.Llm.Rewrite/LlmSettings.cs:83,oui,"MISSED BY SWEEP entirely (multi-line collection initializer). June lists it bespoke. The three shipped SystemPrompts are themselves substantial exposables, restored by Reset Profiles. June lists it bespoke.",,,,,settings,3-personnalisation,"The seeded, user-editable rewrite profile collection; the core personalization surface of the module.",,
LlmSettings.RuleMetric,Deckle.Llm.Rewrite,persisted-setting,"""Duration""",src/Deckle.Llm.Rewrite/LlmSettings.cs:251,oui,Verified at line 251. June gap #10 flags it as driving sibling-panel visibility; source comment marks it legacy.,,,,,aucune,1-robustesse,"Marked legacy in source; kept for deserialization and residual panel plumbing, frozen.",,
LlmSettings.SecondaryRewriteProfileId,Deckle.Llm.Rewrite,persisted-setting,null,src/Deckle.Llm.Rewrite/LlmSettings.cs:71,oui,Same.,,,,,aucune,3-personnalisation,Backing id of the secondary profile selection; plumbing of a personalization choice.,,
LlmSettings.SecondaryRewriteProfileName,Deckle.Llm.Rewrite,persisted-setting,null,src/Deckle.Llm.Rewrite/LlmSettings.cs:65,oui,Bespoke; Ctrl+Win+backtick.,,,,,settings,3-personnalisation,User's choice of which profile the secondary hotkey fires; personalization already in Settings.,,
MaxFillerPhraseLength,Deckle.Llm.Rewrite,derived-value,ComputeMaxPhraseLength(),src/Deckle.Llm.Rewrite/Gate/GateLexicon.cs:88,non,"Kind fixed: computed property, not a constant. Real frozen data is the lexicon tables (_functionWords:21, _fillers:46, _fillerPhrases:54, _insertablePunctuation:69), excluded by sweep design.",,,,count,aucune,2-qualite,"Derived from the frozen gate lexicon tables; linguistic quality data, not a knob.",,
Model,Deckle.Llm.Rewrite,tuning-constant,"""ministral-3:14b""",src/Deckle.Llm.Rewrite/Engine/ParagraphRewrite.cs:26,non,"Hardcoded model for the interactive paragraph retaille, distinct from the user-facing RewriteProfile.Model.",,,,,aucune,3-personnalisation,"ParagraphRewrite.cs:26 hardcoded model for the interactive retaille; model choice is explainable in one sentence (bigger = better, slower), so the tie-break resolves to personalization even though it is frozen today.",,
Model,Deckle.Llm.Rewrite,tuning-constant,"ParagraphRewrite.Model (= ""ministral-3:14b"")",src/Deckle.Llm.Rewrite/Engine/SentenceRewrite.cs:10,non,"Alias, not an independent knob.",,,,,aucune,3-personnalisation,"SentenceRewrite.cs:10 alias of ParagraphRewrite.Model, not an independent knob; follows its canonical site's classification.",,
NoneSentinel,Deckle.Llm.Rewrite,tuning-constant,"""(None)""",src/Deckle.Llm.Rewrite/Ui/LlmShortcutSlotsSection.xaml.cs:25,non,"UI wording sentinel, stored as null. Wording exposable, not a tuning knob.",,,,,settings,2-qualite,"UI wording sentinel for an empty shortcut slot; interface copy, a design/quality matter, not a knob.",,
NumCtx,Deckle.Llm.Rewrite,tuning-constant,4096,src/Deckle.Llm.Rewrite/Engine/ParagraphRewrite.cs:35,non,,,,,tokens,aucune,2-qualite,ParagraphRewrite.cs:35 context window for the hardcoded interactive path; inference tuning frozen in code.,,
NumCtx,Deckle.Llm.Rewrite,tuning-constant,2048,src/Deckle.Llm.Rewrite/Engine/SentenceRewrite.cs:13,non,,,,,tokens,aucune,2-qualite,SentenceRewrite.cs:13 same frozen inference-tuning constant for the sentence path.,,
OllamaAdminTimeout,Deckle.Llm.Rewrite,tuning-constant,TimeSpan.FromSeconds(5),src/Deckle.Llm.Rewrite/Ui/LlmPage.xaml.cs:39,non,Bounds Ollama admin calls (list/show) so the Settings page cannot freeze.,,,,s,aucune,1-robustesse,Timeout keeping the Settings page from freezing on Ollama admin calls; robustness bound.,,
POLL_INTERVAL,Deckle.Llm.Rewrite,tuning-constant,TimeSpan.FromSeconds(60),src/Deckle.Llm.Rewrite/Engine/OllamaEngine.cs:37,non,MISSED BY SWEEP. /api/ps busy-probe cadence.,,,,s,aucune,1-robustesse,/api/ps busy-probe internal cadence; frozen robustness cadence (and a polling loop the doctrine dislikes anyway).,,
REWRITE_HARD_CAP,Deckle.Llm.Rewrite,tuning-constant,TimeSpan.FromMinutes(15),src/Deckle.Llm.Rewrite/Engine/RewriteService.cs:48,non,Hard cap on a single rewrite call.,,,,min,aucune,1-robustesse,Hard safety cap on a single rewrite call; recovery/timeout bound.,,
ReplaceGroupMax,Deckle.Llm.Rewrite,tuning-constant,3,src/Deckle.Llm.Rewrite/Gate/DiffAlignment.cs:34,non,Gate alignment horizon; gate knobs are code-level by doctrine.,,,,count,aucune,2-qualite,Diff-alignment horizon; gate knobs are code-level quality tuning by doctrine.,,
RewriteProfile.Id,Deckle.Llm.Rewrite,persisted-setting,"""""",src/Deckle.Llm.Rewrite/LlmSettings.cs:17,oui,June excludes it from the settings total as a read-only id.,,,,,aucune,3-personnalisation,"Read-only identity of a user profile; plumbing of the Profiles personalization surface, never edited directly.",,
RewriteProfile.Model,Deckle.Llm.Rewrite,persisted-setting,"""""",src/Deckle.Llm.Rewrite/LlmSettings.cs:20,oui,Bespoke: runtime Ollama model enumeration.,,,,,settings,3-personnalisation,Per-profile model choice via runtime Ollama enumeration; canonical model-choice personalization.,,
RewriteProfile.Name,Deckle.Llm.Rewrite,persisted-setting,"""""",src/Deckle.Llm.Rewrite/LlmSettings.cs:19,oui,Part of the bespoke Profiles list editor.,,,,,settings,3-personnalisation,User-given profile name in the bespoke list editor; pure personalization.,,
RewriteProfile.NumCtxK,Deckle.Llm.Rewrite,persisted-setting,null (int?),src/Deckle.Llm.Rewrite/LlmSettings.cs:25,oui,"In K, x1024 when sent.",0,8,1,K tokens,settings,3-personnalisation,"Per-profile context size; explainable in one sentence (more context = longer texts handled, more VRAM), so the tie-break lands on personalization, already in Settings.",,
RewriteProfile.RepeatPenalty,Deckle.Llm.Rewrite,persisted-setting,null (double?),src/Deckle.Llm.Rewrite/LlmSettings.cs:27,oui,,0.5,2,0.05,,settings,3-personnalisation,Per-profile sampling knob explainable in one sentence (higher = less repetition); tie-break resolves to personalization within the profile editor.,,
RewriteProfile.SystemPrompt,Deckle.Llm.Rewrite,persisted-setting,"""""",src/Deckle.Llm.Rewrite/LlmSettings.cs:21,oui,Bespoke multi-line text editor.,,,,,settings,3-personnalisation,Per-profile prompt text edited in a bespoke multi-line editor; the profile's very purpose is personalizing rewrite behavior.,,
RewriteProfile.Temperature,Deckle.Llm.Rewrite,persisted-setting,null (double?),src/Deckle.Llm.Rewrite/LlmSettings.cs:24,oui,"null = Ollama default, not sent.",0,2,0.05,,settings,3-personnalisation,"Per-profile sampling knob explainable in one sentence (higher = more creative, less faithful); personalization within the profile editor.",,
RewriteProfile.TopP,Deckle.Llm.Rewrite,persisted-setting,null (double?),src/Deckle.Llm.Rewrite/LlmSettings.cs:26,oui,,0,1,0.05,,settings,frontiere,"Competing readings: it sits in the user-facing profile editor like Temperature (personalization), but nucleus sampling has no honest one-sentence user explanation, which by the tie-break points to quality tuning.",,
SystemPrompt,Deckle.Llm.Rewrite,tuning-constant,"(multi-line raw string, French few-shot prompt)",src/Deckle.Llm.Rewrite/Engine/ParagraphRewrite.cs:52,non,MISSED BY SWEEP (multi-line). Largest exposable of the module; source comment declares this file the prompts' single home.,,,,,aucune,2-qualite,"ParagraphRewrite.cs:52 hardcoded French few-shot prompt; model-inference quality tuning, declared single-home in code, unlike the user-editable profile prompts.",,
SystemPrompt,Deckle.Llm.Rewrite,tuning-constant,"(multi-line raw string, French sentence-correction prompt)",src/Deckle.Llm.Rewrite/Engine/SentenceRewrite.cs:16,non,MISSED BY SWEEP (multi-line).,,,,,aucune,2-qualite,SentenceRewrite.cs:16 hardcoded sentence-correction prompt; same frozen inference-quality tuning.,,
WidthDip,Deckle.Llm.Rewrite,tuning-constant,440,src/Deckle.Llm.Rewrite/Ui/RewriteOfferWindow.xaml.cs:18,non,Rewrite-offer window geometry.,,,,dip,aucune,2-qualite,Offer-window geometry; frozen visual design constant.,,
Ambient,Deckle.Modules,tuning-constant,"""ambient""",src/Deckle.Modules/ModuleIds.cs:20,non,"Identity string, not a tunable value — same rationale as ModuleIds.Transcription.",,,,,aucune,1-robustesse,"Identity contract string, frozen by nature; robustness bucket as the frozen-by-default home.",,
Anytype,Deckle.Modules,tuning-constant,"""anytype""",src/Deckle.Modules/ModuleIds.cs:22,non,"Identity string, not a tunable value — same rationale as ModuleIds.Transcription.",,,,,aucune,1-robustesse,"Identity contract string, frozen; not a knob of any kind.",,
Autocorrect,Deckle.Modules,tuning-constant,"""autocorrect""",src/Deckle.Modules/ModuleIds.cs:19,non,"Identity string, not a tunable value — same rationale as ModuleIds.Transcription. Note: June inventory has an AutocorrectEnabled setting, but that is Deckle.Autocorrect's own persisted toggle, not this id.",,,,,aucune,1-robustesse,"Identity contract string, frozen; the module's user toggle lives elsewhere.",,
Rewrite,Deckle.Modules,tuning-constant,"""rewrite""",src/Deckle.Modules/ModuleIds.cs:18,non,"Identity string, not a tunable value — same rationale as ModuleIds.Transcription.",,,,,aucune,1-robustesse,"Identity contract string, frozen; not a knob.",,
Trackpad,Deckle.Modules,tuning-constant,"""trackpad""",src/Deckle.Modules/ModuleIds.cs:21,non,"Identity string, not a tunable value — same rationale as ModuleIds.Transcription.",,,,,aucune,1-robustesse,"Identity contract string, frozen; not a knob.",,
Transcription,Deckle.Modules,tuning-constant,"""transcription""",src/Deckle.Modules/ModuleIds.cs:17,non,"Identity string, not a tunable value. Kept because the ModuleIds set IS the module catalogue the setup Modules page and the presence file arbitrate over — the vocabulary matters even if no single id is settable.",,,,,aucune,1-robustesse,"Identity contract string anchoring the module catalogue vocabulary; frozen, not settable.",,
PromptLifetime,Deckle.Notifications,tuning-constant,TimeSpan.FromMinutes(15),src/Deckle.Notifications/Channels/Toast/ToastChannel.cs:29,non,"How long a toast prompt stays answerable before settling as unanswered. The code comment states outright 'Module constant, not configurable' — it bounds both the await and the toast Expiration so neither outlives the other. User-perceivable duration, but the source has already argued against exposing it.",,,,min,aucune,1-robustesse,"Timeout bounding how long a toast await stays open; the source itself declares it a non-configurable module constant, an internal timing bound.",,
ArcDirection,Deckle.Playground,playground-parameter,1f,src/Deckle.Playground/Models/TuningModel.cs:56,oui,Mirror of the shipping HudComposition.ConicArcStrokeConfig default; memory-only in the Playground. The real exposable is the Deckle.Composition default it shadows.,,,,,playground,2-qualite,HUD animation tuning mirror of a shipping Composition default; quality knob already alive in Playground.,,
ArcEaseP1X,Deckle.Playground,playground-parameter,0.125f,src/Deckle.Playground/Models/TuningModel.cs:58,oui,Mirror of the shipping HudComposition.ConicArcStrokeConfig default; memory-only in the Playground. The real exposable is the Deckle.Composition default it shadows.,0,1,0.05,ratio,playground,2-qualite,"Easing-curve control point for HUD arc animation; pure quality tuning, stays in Playground.",,
ArcEaseP1Y,Deckle.Playground,playground-parameter,0.375f,src/Deckle.Playground/Models/TuningModel.cs:59,oui,Mirror of the shipping HudComposition.ConicArcStrokeConfig default; memory-only in the Playground. The real exposable is the Deckle.Composition default it shadows.,-0.5,1.5,0.05,ratio,playground,2-qualite,"Easing-curve control point for HUD arc animation; pure quality tuning, stays in Playground.",,
ArcEaseP2X,Deckle.Playground,playground-parameter,0.875f,src/Deckle.Playground/Models/TuningModel.cs:60,oui,Mirror of the shipping HudComposition.ConicArcStrokeConfig default; memory-only in the Playground. The real exposable is the Deckle.Composition default it shadows.,0,1,0.05,ratio,playground,2-qualite,"Easing-curve control point for HUD arc animation; pure quality tuning, stays in Playground.",,
ArcEaseP2Y,Deckle.Playground,playground-parameter,0.625f,src/Deckle.Playground/Models/TuningModel.cs:61,oui,Mirror of the shipping HudComposition.ConicArcStrokeConfig default; memory-only in the Playground. The real exposable is the Deckle.Composition default it shadows.,-0.5,1.5,0.05,ratio,playground,2-qualite,"Easing-curve control point for HUD arc animation; pure quality tuning, stays in Playground.",,
ArcMinSpeedFraction,Deckle.Playground,playground-parameter,0f,src/Deckle.Playground/Models/TuningModel.cs:62,oui,Mirror of the shipping HudComposition.ConicArcStrokeConfig default; memory-only in the Playground. The real exposable is the Deckle.Composition default it shadows.,0,1,0.05,ratio,playground,2-qualite,Animation speed-floor tuning for the HUD arc; quality knob alive in Playground.,,
ArcMirror,Deckle.Playground,playground-parameter,true,src/Deckle.Playground/Models/TuningModel.cs:52,oui,Mirror of the shipping HudComposition.ConicArcStrokeConfig default; memory-only in the Playground. The real exposable is the Deckle.Composition default it shadows.,,,,,playground,2-qualite,HUD arc animation tuning mirror; quality knob alive in Playground.,,
ArcPeriodSeconds,Deckle.Playground,playground-parameter,8.0,src/Deckle.Playground/Models/TuningModel.cs:55,oui,Mirror of the shipping HudComposition.ConicArcStrokeConfig default; memory-only in the Playground. The real exposable is the Deckle.Composition default it shadows.,0.5,30,0.5,s,playground,2-qualite,HUD arc animation period; quality tuning alive in Playground.,,
ArcPhaseTurns,Deckle.Playground,playground-parameter,0f,src/Deckle.Playground/Models/TuningModel.cs:57,oui,Mirror of the shipping HudComposition.ConicArcStrokeConfig default; memory-only in the Playground. The real exposable is the Deckle.Composition default it shadows.,0,1,0.05,turns,playground,2-qualite,HUD arc animation phase; quality tuning alive in Playground.,,
CloneArcDirection,Deckle.Playground,playground-parameter,-1f,src/Deckle.Playground/Models/TuningModel.cs:81,oui,Mirror of the shipping HudComposition.ConicArcStrokeConfig default; memory-only in the Playground. The real exposable is the Deckle.Composition default it shadows.,,,,,playground,2-qualite,Clone-arc animation tuning mirror; quality knob alive in Playground.,,
CloneArcPeriodSeconds,Deckle.Playground,playground-parameter,4.0,src/Deckle.Playground/Models/TuningModel.cs:80,oui,Mirror of the shipping HudComposition.ConicArcStrokeConfig default; memory-only in the Playground. The real exposable is the Deckle.Composition default it shadows.,0.5,30,0.5,s,playground,2-qualite,Clone-arc animation period; quality tuning alive in Playground.,,
CloneCentreXFraction,Deckle.Playground,playground-parameter,196f / 272f,src/Deckle.Playground/Models/TuningModel.cs:67,oui,Mirror of the shipping HudComposition.ConicArcStrokeConfig default; memory-only in the Playground. The real exposable is the Deckle.Composition default it shadows.,0,272,2,px,playground,2-qualite,Clone-arc geometry tuning; quality knob alive in Playground.,,
CloneCentreYFraction,Deckle.Playground,playground-parameter,0f,src/Deckle.Playground/Models/TuningModel.cs:68,oui,Mirror of the shipping HudComposition.ConicArcStrokeConfig default; memory-only in the Playground. The real exposable is the Deckle.Composition default it shadows.,0,78,2,px,playground,2-qualite,Clone-arc geometry tuning; quality knob alive in Playground.,,
CloneHueDirection,Deckle.Playground,playground-parameter,-1f,src/Deckle.Playground/Models/TuningModel.cs:79,oui,Mirror of the shipping HudComposition.ConicArcStrokeConfig default; memory-only in the Playground. The real exposable is the Deckle.Composition default it shadows.,,,,,playground,2-qualite,Clone hue animation tuning; quality knob alive in Playground.,,
CloneHuePeriodSeconds,Deckle.Playground,playground-parameter,7.0,src/Deckle.Playground/Models/TuningModel.cs:78,oui,Mirror of the shipping HudComposition.ConicArcStrokeConfig default; memory-only in the Playground. The real exposable is the Deckle.Composition default it shadows.,0,60,0.5,s,playground,2-qualite,Clone hue animation period; quality tuning alive in Playground.,,
CloneOklchChroma,Deckle.Playground,playground-parameter,0.3f,src/Deckle.Playground/Models/TuningModel.cs:74,oui,Mirror of the shipping HudComposition.ConicArcStrokeConfig default; memory-only in the Playground. The real exposable is the Deckle.Composition default it shadows.,0,0.4,0.05,ratio,playground,2-qualite,OKLCH color calibration for the clone stroke; quality tuning alive in Playground.,,
CloneOklchLightness,Deckle.Playground,playground-parameter,0.9f,src/Deckle.Playground/Models/TuningModel.cs:73,oui,Mirror of the shipping HudComposition.ConicArcStrokeConfig default; memory-only in the Playground. The real exposable is the Deckle.Composition default it shadows.,0,1,0.05,ratio,playground,2-qualite,OKLCH color calibration for the clone stroke; quality tuning alive in Playground.,,
ConicFadeCurve,Deckle.Playground,playground-parameter,4f,src/Deckle.Playground/Models/TuningModel.cs:51,oui,Mirror of the shipping HudComposition.ConicArcStrokeConfig default; memory-only in the Playground. The real exposable is the Deckle.Composition default it shadows.,0.5,10,0.1,,playground,2-qualite,Fade-curve exponent for the conic stroke — the canonical unexplainable-to-a-user curve knob; quality tuning in Playground.,,
ConicLeadFadeTurns,Deckle.Playground,playground-parameter,1f,src/Deckle.Playground/Models/TuningModel.cs:49,oui,Mirror of the shipping HudComposition.ConicArcStrokeConfig default; memory-only in the Playground. The real exposable is the Deckle.Composition default it shadows.,0,1,0.05,turns,playground,2-qualite,Conic stroke fade geometry; quality tuning alive in Playground.,,
ConicSpanTurns,Deckle.Playground,playground-parameter,0.5f,src/Deckle.Playground/Models/TuningModel.cs:48,oui,Mirror of the shipping HudComposition.ConicArcStrokeConfig default; memory-only in the Playground. The real exposable is the Deckle.Composition default it shadows.,0.05,1.0,0.05,turns,playground,2-qualite,Conic stroke span; quality tuning alive in Playground.,,
ConicTailFadeTurns,Deckle.Playground,playground-parameter,1f,src/Deckle.Playground/Models/TuningModel.cs:50,oui,Mirror of the shipping HudComposition.ConicArcStrokeConfig default; memory-only in the Playground. The real exposable is the Deckle.Composition default it shadows.,0,1,0.05,turns,playground,2-qualite,Conic stroke fade geometry; quality tuning alive in Playground.,,
HueDirection,Deckle.Playground,playground-parameter,1f,src/Deckle.Playground/Models/TuningModel.cs:36,oui,Mirror of the shipping HudComposition.ConicArcStrokeConfig default; memory-only in the Playground. The real exposable is the Deckle.Composition default it shadows.,,,,,playground,2-qualite,Hue animation tuning mirror; quality knob alive in Playground.,,
HueEaseP1X,Deckle.Playground,playground-parameter,0.125f,src/Deckle.Playground/Models/TuningModel.cs:41,oui,Mirror of the shipping HudComposition.ConicArcStrokeConfig default; memory-only in the Playground. The real exposable is the Deckle.Composition default it shadows.,0,1,0.05,ratio,playground,2-qualite,Hue easing control point; quality tuning alive in Playground.,,
HueEaseP1Y,Deckle.Playground,playground-parameter,0.375f,src/Deckle.Playground/Models/TuningModel.cs:42,oui,Mirror of the shipping HudComposition.ConicArcStrokeConfig default; memory-only in the Playground. The real exposable is the Deckle.Composition default it shadows.,-0.5,1.5,0.05,ratio,playground,2-qualite,Hue easing control point; quality tuning alive in Playground.,,
HueEaseP2X,Deckle.Playground,playground-parameter,0.875f,src/Deckle.Playground/Models/TuningModel.cs:43,oui,Mirror of the shipping HudComposition.ConicArcStrokeConfig default; memory-only in the Playground. The real exposable is the Deckle.Composition default it shadows.,0,1,0.05,ratio,playground,2-qualite,Hue easing control point; quality tuning alive in Playground.,,
HueEaseP2Y,Deckle.Playground,playground-parameter,0.625f,src/Deckle.Playground/Models/TuningModel.cs:44,oui,Mirror of the shipping HudComposition.ConicArcStrokeConfig default; memory-only in the Playground. The real exposable is the Deckle.Composition default it shadows.,-0.5,1.5,0.05,ratio,playground,2-qualite,Hue easing control point; quality tuning alive in Playground.,,
HueMinSpeedFraction,Deckle.Playground,playground-parameter,0f,src/Deckle.Playground/Models/TuningModel.cs:45,oui,Mirror of the shipping HudComposition.ConicArcStrokeConfig default; memory-only in the Playground. The real exposable is the Deckle.Composition default it shadows.,0,1,0.05,ratio,playground,2-qualite,Hue animation speed floor; quality tuning alive in Playground.,,
HuePeriodSeconds,Deckle.Playground,playground-parameter,14.0,src/Deckle.Playground/Models/TuningModel.cs:35,oui,Mirror of the shipping HudComposition.ConicArcStrokeConfig default; memory-only in the Playground. The real exposable is the Deckle.Composition default it shadows.,0,60,0.5,s,playground,2-qualite,Hue cycle period; quality tuning alive in Playground.,,
HuePhaseTurns,Deckle.Playground,playground-parameter,0f,src/Deckle.Playground/Models/TuningModel.cs:37,oui,Mirror of the shipping HudComposition.ConicArcStrokeConfig default; memory-only in the Playground. The real exposable is the Deckle.Composition default it shadows.,0,1,0.05,turns,playground,2-qualite,Hue animation phase; quality tuning alive in Playground.,,
HueRange,Deckle.Playground,playground-parameter,1f,src/Deckle.Playground/Models/TuningModel.cs:31,oui,Mirror of the shipping HudComposition.ConicArcStrokeConfig default; memory-only in the Playground. The real exposable is the Deckle.Composition default it shadows.,0,1,0.05,turns,playground,2-qualite,Hue sweep range; quality tuning alive in Playground.,,
HueStart,Deckle.Playground,playground-parameter,0f,src/Deckle.Playground/Models/TuningModel.cs:30,oui,Mirror of the shipping HudComposition.ConicArcStrokeConfig default; memory-only in the Playground. The real exposable is the Deckle.Composition default it shadows.,0,1,0.05,turns,playground,2-qualite,Hue starting point of the stroke; quality tuning alive in Playground.,,
IdentifyFlashDuration,Deckle.Playground,tuning-constant,TimeSpan.FromSeconds(3),src/Deckle.Playground/Views/Ambient/AmbientPage.LightZones.cs:53,non,User-perceivable: caps the Hue Identify strobe. Playground-only today; would belong to Deckle.Lighting.Ambient if the Identify affordance ships in Settings.,,,,s,aucune,5-playground,Caps the Hue Identify strobe in the Playground light-zones tool only; note itself says it would migrate to Deckle.Lighting.Ambient if the affordance ships.,,
NakedHostDim,Deckle.Playground,tuning-constant,300f,src/Deckle.Playground/Views/Hud/HudPage.xaml.cs:113,non,Same as NakedHudSize — host box sized to avoid clipping the 270 dip cone. Frozen by construction.,,,,px,aucune,5-playground,"Playground host-box sizing constant, frozen by construction to avoid clipping the preview cone; no life outside Playground.",,
NakedHudSize,Deckle.Playground,tuning-constant,"new Vector2(272f, 78f)",src/Deckle.Playground/Views/Hud/HudPage.xaml.cs:112,non,"Comment says 'Constants — never change at runtime'; it restates the shipping HUD stroke surface. Not a knob, kept as a traceable geometry fact.",,,,px,aucune,5-playground,"Playground restatement of the shipping HUD geometry, commented as never changing at runtime; pure staging fact.",,
OklchChroma,Deckle.Playground,playground-parameter,0.3f,src/Deckle.Playground/Models/TuningModel.cs:29,oui,Mirror of the shipping HudComposition.ConicArcStrokeConfig default; memory-only in the Playground. The real exposable is the Deckle.Composition default it shadows.,0,0.4,0.05,ratio,playground,2-qualite,OKLCH color calibration for the HUD stroke; quality tuning alive in Playground.,,
OklchLightness,Deckle.Playground,playground-parameter,0.75f,src/Deckle.Playground/Models/TuningModel.cs:28,oui,Mirror of the shipping HudComposition.ConicArcStrokeConfig default; memory-only in the Playground. The real exposable is the Deckle.Composition default it shadows.,0,1,0.05,ratio,playground,2-qualite,OKLCH color calibration for the HUD stroke; quality tuning alive in Playground.,,
PreviewCellSize,Deckle.Playground,tuning-constant,16,src/Deckle.Playground/Views/Ambient/AmbientPage.xaml.cs:90,non,"Dip size of one preview-grid cell; the Viewbox rescales it, so visual impact is near-nil. Borderline implementation constant — kept per doubt rule.",,,,px,aucune,5-playground,Dip size of a Playground preview-grid cell rescaled by a Viewbox; instrumentation layout with no life outside Playground.,,
RecordingArcMirror,Deckle.Playground,playground-parameter,true,src/Deckle.Playground/Models/TuningModel.cs:104,oui,Mirror of the shipping HudComposition.ConicArcStrokeConfig default; memory-only in the Playground. The real exposable is the Deckle.Composition default it shadows.,,,,,playground,2-qualite,Recording-state HUD animation tuning; quality knob alive in Playground.,,
RecordingArcPhaseTurns,Deckle.Playground,playground-parameter,0f,src/Deckle.Playground/Models/TuningModel.cs:105,oui,Mirror of the shipping HudComposition.ConicArcStrokeConfig default; memory-only in the Playground. The real exposable is the Deckle.Composition default it shadows.,0,1,0.05,turns,playground,2-qualite,Recording-state HUD animation tuning; quality knob alive in Playground.,,
RecordingBlendSeconds,Deckle.Playground,playground-parameter,2,src/Deckle.Playground/Models/TuningModel.cs:113,oui,Mirror of the shipping HudComposition.ConicArcStrokeConfig default; memory-only in the Playground. The real exposable is the Deckle.Composition default it shadows.,0,5,0.1,s,playground,2-qualite,Recording-state transition blend duration; animation quality tuning alive in Playground.,,
RecordingConicFadeCurve,Deckle.Playground,playground-parameter,2f,src/Deckle.Playground/Models/TuningModel.cs:103,oui,Mirror of the shipping HudComposition.ConicArcStrokeConfig default; memory-only in the Playground. The real exposable is the Deckle.Composition default it shadows.,0.5,10,0.1,,playground,2-qualite,Recording-state fade-curve exponent; quality tuning alive in Playground.,,
RecordingConicLeadFadeTurns,Deckle.Playground,playground-parameter,1f,src/Deckle.Playground/Models/TuningModel.cs:101,oui,Mirror of the shipping HudComposition.ConicArcStrokeConfig default; memory-only in the Playground. The real exposable is the Deckle.Composition default it shadows.,0,1,0.05,turns,playground,2-qualite,Recording-state conic fade geometry; quality tuning alive in Playground.,,
RecordingConicSpanTurns,Deckle.Playground,playground-parameter,0.5f,src/Deckle.Playground/Models/TuningModel.cs:100,oui,Mirror of the shipping HudComposition.ConicArcStrokeConfig default; memory-only in the Playground. The real exposable is the Deckle.Composition default it shadows.,0.05,1,0.05,turns,playground,2-qualite,Recording-state conic span; quality tuning alive in Playground.,,
RecordingConicTailFadeTurns,Deckle.Playground,playground-parameter,1f,src/Deckle.Playground/Models/TuningModel.cs:102,oui,Mirror of the shipping HudComposition.ConicArcStrokeConfig default; memory-only in the Playground. The real exposable is the Deckle.Composition default it shadows.,0,1,0.05,turns,playground,2-qualite,Recording-state conic fade geometry; quality tuning alive in Playground.,,
RecordingExposureDark,Deckle.Playground,playground-parameter,1.0f,src/Deckle.Playground/Models/TuningModel.cs:111,oui,Mirror of the shipping HudComposition.ConicArcStrokeConfig default; memory-only in the Playground. The real exposable is the Deckle.Composition default it shadows.,-2,2,0.1,EV,playground,2-qualite,Recording-state exposure calibration per theme; quality tuning alive in Playground.,,
RecordingExposureLight,Deckle.Playground,playground-parameter,-1.0f,src/Deckle.Playground/Models/TuningModel.cs:112,oui,Mirror of the shipping HudComposition.ConicArcStrokeConfig default; memory-only in the Playground. The real exposable is the Deckle.Composition default it shadows.,-2,2,0.1,EV,playground,2-qualite,Recording-state exposure calibration per theme; quality tuning alive in Playground.,,
RecordingHuePeriodSeconds,Deckle.Playground,playground-parameter,0,src/Deckle.Playground/Models/TuningModel.cs:114,oui,Mirror of the shipping HudComposition.ConicArcStrokeConfig default; memory-only in the Playground. The real exposable is the Deckle.Composition default it shadows.,0,60,0.5,s,playground,2-qualite,Recording-state hue period; quality tuning alive in Playground.,,
RecordingHueShiftTurns,Deckle.Playground,playground-parameter,0f,src/Deckle.Playground/Models/TuningModel.cs:110,oui,Mirror of the shipping HudComposition.ConicArcStrokeConfig default; memory-only in the Playground. The real exposable is the Deckle.Composition default it shadows.,0,1,0.05,turns,playground,2-qualite,Recording-state hue shift; quality tuning alive in Playground.,,
RecordingSaturationDark,Deckle.Playground,playground-parameter,0f,src/Deckle.Playground/Models/TuningModel.cs:108,oui,Mirror of the shipping HudComposition.ConicArcStrokeConfig default; memory-only in the Playground. The real exposable is the Deckle.Composition default it shadows.,0,1,0.05,ratio,playground,2-qualite,Recording-state saturation calibration per theme; quality tuning alive in Playground.,,
RecordingSaturationLight,Deckle.Playground,playground-parameter,0f,src/Deckle.Playground/Models/TuningModel.cs:109,oui,Mirror of the shipping HudComposition.ConicArcStrokeConfig default; memory-only in the Playground. The real exposable is the Deckle.Composition default it shadows.,0,1,0.05,ratio,playground,2-qualite,Recording-state saturation calibration per theme; quality tuning alive in Playground.,,
RewritingBlendSeconds,Deckle.Playground,playground-parameter,2,src/Deckle.Playground/Models/TuningModel.cs:88,oui,Mirror of the shipping HudComposition.ConicArcStrokeConfig default; memory-only in the Playground. The real exposable is the Deckle.Composition default it shadows.,0,5,0.1,s,playground,2-qualite,Rewriting-state transition blend duration; animation quality tuning alive in Playground.,,
RewritingExposure,Deckle.Playground,playground-parameter,0f,src/Deckle.Playground/Models/TuningModel.cs:86,oui,Mirror of the shipping HudComposition.ConicArcStrokeConfig default; memory-only in the Playground. The real exposable is the Deckle.Composition default it shadows.,-2,2,0.1,EV,playground,2-qualite,Rewriting-state exposure calibration; quality tuning alive in Playground.,,
RewritingHueShiftTurns,Deckle.Playground,playground-parameter,0f,src/Deckle.Playground/Models/TuningModel.cs:85,oui,Mirror of the shipping HudComposition.ConicArcStrokeConfig default; memory-only in the Playground. The real exposable is the Deckle.Composition default it shadows.,0,1,0.05,turns,playground,2-qualite,Rewriting-state hue shift; quality tuning alive in Playground.,,
RewritingOpacity,Deckle.Playground,playground-parameter,1f,src/Deckle.Playground/Models/TuningModel.cs:87,oui,Mirror of the shipping HudComposition.ConicArcStrokeConfig default; memory-only in the Playground. The real exposable is the Deckle.Composition default it shadows.,0,1,0.05,ratio,playground,2-qualite,Rewriting-state opacity; quality tuning alive in Playground.,,
RewritingSaturation,Deckle.Playground,playground-parameter,1f,src/Deckle.Playground/Models/TuningModel.cs:84,oui,Mirror of the shipping HudComposition.ConicArcStrokeConfig default; memory-only in the Playground. The real exposable is the Deckle.Composition default it shadows.,0,1,0.05,ratio,playground,2-qualite,Rewriting-state saturation; quality tuning alive in Playground.,,
TranscribingBlendSeconds,Deckle.Playground,playground-parameter,2,src/Deckle.Playground/Models/TuningModel.cs:97,oui,Mirror of the shipping HudComposition.ConicArcStrokeConfig default; memory-only in the Playground. The real exposable is the Deckle.Composition default it shadows.,0,5,0.1,s,playground,2-qualite,Transcribing-state transition blend duration; animation quality tuning alive in Playground.,,
TranscribingExposureDark,Deckle.Playground,playground-parameter,1.0f,src/Deckle.Playground/Models/TuningModel.cs:94,oui,Mirror of the shipping HudComposition.ConicArcStrokeConfig default; memory-only in the Playground. The real exposable is the Deckle.Composition default it shadows.,-2,2,0.1,EV,playground,2-qualite,Transcribing-state exposure calibration per theme; quality tuning alive in Playground.,,
TranscribingExposureLight,Deckle.Playground,playground-parameter,-1.0f,src/Deckle.Playground/Models/TuningModel.cs:95,oui,Mirror of the shipping HudComposition.ConicArcStrokeConfig default; memory-only in the Playground. The real exposable is the Deckle.Composition default it shadows.,-2,2,0.1,EV,playground,2-qualite,Transcribing-state exposure calibration per theme; quality tuning alive in Playground.,,
TranscribingHueShiftTurns,Deckle.Playground,playground-parameter,0f,src/Deckle.Playground/Models/TuningModel.cs:93,oui,Mirror of the shipping HudComposition.ConicArcStrokeConfig default; memory-only in the Playground. The real exposable is the Deckle.Composition default it shadows.,0,1,0.05,turns,playground,2-qualite,Transcribing-state hue shift; quality tuning alive in Playground.,,
TranscribingOpacity,Deckle.Playground,playground-parameter,1f,src/Deckle.Playground/Models/TuningModel.cs:96,oui,Mirror of the shipping HudComposition.ConicArcStrokeConfig default; memory-only in the Playground. The real exposable is the Deckle.Composition default it shadows.,0,1,0.05,ratio,playground,2-qualite,Transcribing-state opacity; quality tuning alive in Playground.,,
TranscribingSaturationDark,Deckle.Playground,playground-parameter,0f,src/Deckle.Playground/Models/TuningModel.cs:91,oui,Mirror of the shipping HudComposition.ConicArcStrokeConfig default; memory-only in the Playground. The real exposable is the Deckle.Composition default it shadows.,0,1,0.05,ratio,playground,2-qualite,Transcribing-state saturation calibration per theme; quality tuning alive in Playground.,,
TranscribingSaturationLight,Deckle.Playground,playground-parameter,0f,src/Deckle.Playground/Models/TuningModel.cs:92,oui,Mirror of the shipping HudComposition.ConicArcStrokeConfig default; memory-only in the Playground. The real exposable is the Deckle.Composition default it shadows.,0,1,0.05,ratio,playground,2-qualite,Transcribing-state saturation calibration per theme; quality tuning alive in Playground.,,
WedgeCount,Deckle.Playground,playground-parameter,360,src/Deckle.Playground/Models/TuningModel.cs:32,oui,Mirror of the shipping HudComposition.ConicArcStrokeConfig default; memory-only in the Playground. The real exposable is the Deckle.Composition default it shadows.,16,720,1,count,playground,2-qualite,"Conic stroke tessellation density, a render-quality/perf tuning knob alive in Playground.",,
MutexTimeout,Deckle.Security,tuning-constant,TimeSpan.FromSeconds(5),src/Deckle.Security/SecretVault.cs:43,non,"Cross-process vault lock timeout. User-perceivable only as a save failure under contention — borderline implementation constant, kept under the doubt rule.",,,,s,aucune,1-robustesse,"Cross-process vault mutex wait timeout, an explicit example of a frozen robustness bound.",,
AppearanceSettings.Theme,Deckle.Settings,persisted-setting,"""System""",src/Deckle.Settings/Persistence/AppSettings.cs:55,oui,,,,,,settings,3-personnalisation,"Visual style choice, canonical Settings personalization.",,
AutostartEnabled,Deckle.Settings,persisted-setting,false (StartupService.DefaultEnabled),src/Deckle.Settings/ViewModels/GeneralViewModel.cs:47,oui,ADDED FROM JUNE — sweep missed it. Not backed by AppSettings: source of truth is the OS (HKCU\Run + elevated scheduled task) via StartupService; default read from src/Deckle.Shell/AutostartService.cs:42.,,,,,settings,3-personnalisation,"Autostart behavior, explicitly listed as personalization.",,
OverlaySettings.Animations,Deckle.Settings,persisted-setting,true,src/Deckle.Settings/Persistence/AppSettings.cs:69,oui,,,,,,settings,3-personnalisation,Overlay behavior toggle already surfaced in Settings; visual-behavior preference.,,
OverlaySettings.Enabled,Deckle.Settings,persisted-setting,true,src/Deckle.Settings/Persistence/AppSettings.cs:62,oui,,,,,,settings,3-personnalisation,"Overlay on/off, a per-person behavior preference.",,
OverlaySettings.FadeOnProximity,Deckle.Settings,persisted-setting,true,src/Deckle.Settings/Persistence/AppSettings.cs:63,oui,,,,,,settings,3-personnalisation,"Overlay behavior preference, one-sentence explainable.",,
OverlaySettings.Position,Deckle.Settings,persisted-setting,"""BottomCenter""",src/Deckle.Settings/Persistence/AppSettings.cs:64,oui,Closed vocabulary documented in-code: BottomCenter \| BottomRight \| TopCenter.,,,,,settings,3-personnalisation,"Overlay screen position, closed vocabulary; visual-placement preference.",,
PasteSettings.AutoPasteEnabled,Deckle.Settings,persisted-setting,false,src/Deckle.Settings/Persistence/AppSettings.cs:49,oui,,,,,,settings,3-personnalisation,Workflow behavior toggle that legitimately varies per user.,,
PathsSettings.BackupDirectory,Deckle.Settings,persisted-setting,"""""",src/Deckle.Settings/Persistence/AppSettings.cs:85,non,Empty = auto-resolve via AppPaths.SettingsBackupDirectory. June lists a diagnostics 'Storage directory' but not this backup path — confirm they are distinct.,,,,,settings,3-personnalisation,User-chosen local folder with auto-resolve default; a location preference.,,
SettingsBackupService.FilenameExtension,Deckle.Settings,tuning-constant,""".json""",src/Deckle.Settings/Persistence/SettingsBackupService.cs:45,non,Same as FilenamePrefix; realistically frozen.,,,,,aucune,1-robustesse,Frozen internal file-format contract of the backup mechanism.,,
SettingsBackupService.FilenamePrefix,Deckle.Settings,tuning-constant,"""settings-""",src/Deckle.Settings/Persistence/SettingsBackupService.cs:44,non,Borderline: user-perceivable only as the snapshot file name on disk. Kept per keep-when-in-doubt.,,,,,aucune,1-robustesse,"Internal naming contract of backup snapshots; frozen plumbing, not a preference.",,
SettingsBackupService.FilenameTimestampFormat,Deckle.Settings,tuning-constant,"""yyyyMMdd-HHmmss""",src/Deckle.Settings/Persistence/SettingsBackupService.cs:46,non,Same family; frozen candidate.,,,,,aucune,1-robustesse,Same frozen filename contract family.,,
SettingsWindow.MaxSuggestions,Deckle.Settings,tuning-constant,7,src/Deckle.Settings/SettingsWindow.Search.cs:54,non,Rendered-hit cap; overflow becomes a '+N more — refine' notice. Perceptible.,,,,count,aucune,2-qualite,"Search-results presentation cap, a UI craft/quality value frozen in code.",,
SettingsWindow.SearchDebounceMs,Deckle.Settings,tuning-constant,300,src/Deckle.Settings/SettingsWindow.Search.cs:50,non,"Perceptible (search responsiveness) but a craft value, not a setting.",,,,ms,aucune,1-robustesse,"Debounce, explicitly named in the robustness rule.",,
SettingsWindow.SearchIconZoneWidth,Deckle.Settings,tuning-constant,180.0,src/Deckle.Settings/SettingsWindow.Search.cs:39,non,"Layout threshold (DIPs) for search box collapse to icon. Chrome tuning, not a user knob — frozen candidate.",,,,px,aucune,2-qualite,"Layout breakpoint chrome tuning, design quality frozen in code.",,
SettingsWindow.SearchInlineZoneWidth,Deckle.Settings,tuning-constant,204.0,src/Deckle.Settings/SettingsWindow.Search.cs:40,non,Paired restore threshold; the 24 DIP gap is deliberate hysteresis — the two must move together.,,,,px,aucune,2-qualite,"Paired hysteresis breakpoint; same design-tuning family, moves with its sibling.",,
SettingsWindow.TitleBarProbeDebounceMs,Deckle.Settings,tuning-constant,300,src/Deckle.Settings/SettingsWindow.TitleBarProbe.cs:22,non,Diagnostics-only (trace emission on settled resize). Weakest exposable of the set — arguably a drop.,,,,ms,aucune,4-diagnostics,Governs trace emission only; the CSV itself flags it diagnostics-only.,,
UpdatesSettings.AutoCheckEnabled,Deckle.Settings,persisted-setting,true,src/Deckle.Settings/Persistence/AppSettings.cs:40,non,Composed card GeneralUpdateAutoCheckCard exists (GeneralViewModel.Settings.cs:72-78); June inventory has no Updates category — likely post-June addition.,,,,,settings,3-personnalisation,"Update-check behavior toggle, a per-person preference already carded in Settings.",,
AnytypeItemId,Deckle.Setup,tuning-constant,"""anytype-cli""",src/Deckle.Setup/InstallPlan.cs:33,non,Installable plan item id — same rationale as NativeRuntimeItemId.,,,,,aucune,1-robustesse,"Frozen plan-item identity string, not a tunable value.",,
CamembertItemId,Deckle.Setup,tuning-constant,"""camembert-base""",src/Deckle.Setup/InstallPlan.cs:32,non,Installable plan item id — same rationale as NativeRuntimeItemId.,,,,,aucune,1-robustesse,"Frozen plan-item identity string, not a tunable value.",,
DataDirectory,Deckle.Setup,default-value,Deckle.Install.InstallPaths.DefaultDataDir,src/Deckle.Setup/SetupContext.cs:82,non,,,,,,assistant,3-personnalisation,Forwarder of the user-changeable data folder choice on the Folders page.,,
InstallDirectory,Deckle.Setup,default-value,Deckle.Install.InstallPaths.DefaultInstallDir,src/Deckle.Setup/SetupContext.cs:81,non,,,,,,assistant,3-personnalisation,Forwarder of the user-changeable install folder choice.,,
Location,Deckle.Setup,default-value,AppPaths.UserDataRoot,src/Deckle.Setup/SetupContext.cs:31,non,,,,,,assistant,3-personnalisation,"User data root location, same folder-choice family surfaced by the setup assistant.",,
NativeRuntimeItemId,Deckle.Setup,tuning-constant,"""native-runtime""",src/Deckle.Setup/InstallPlan.cs:30,non,"Identity string for an installable plan item. Kept for the same reason as ModuleIds: the item set is what the wizard shows and installs, so the vocabulary is arbitration-relevant even though no single id is settable.",,,,,aucune,1-robustesse,Frozen plan-item identity string anchoring the wizard vocabulary.,,
SelectedModules,Deckle.Setup,default-value,new HashSet<string>(StringComparer.Ordinal),src/Deckle.Setup/SetupContext.cs:89,non,"MISSED BY SWEEP — added from source. The module selection the install plan is built from: seeded from the recorded presence choice (or the full catalogue when none), then overwritten by the Modules page. Directly user-chosen; arguably the most consequential exposable in Deckle.Setup.",,,,,assistant,3-personnalisation,Directly user-chosen module set driving the install plan; the module's chief personalization exposable.,,
SileroItemId,Deckle.Setup,tuning-constant,"""silero-vad""",src/Deckle.Setup/InstallPlan.cs:31,non,Installable plan item id — same rationale as NativeRuntimeItemId.,,,,,aucune,1-robustesse,"Frozen plan-item identity string, not a tunable value.",,
UpdateAvailable,Deckle.Setup,default-value,"NotificationDescriptor(Id: ""setup.update_available"", Category: ""setup"", Severity: Info, Channel: Toast, Actions: install/later)",src/Deckle.Setup/SetupNotifications.cs:18,non,MISSED BY SWEEP — added from source. The sweep caught the wrapper collection SetupNotifications.All instead. This is the real descriptor: setup's one user-facing toast. Severity/Channel and the notification's on/off are plausible exposables via the notifications catalogue.,,,,,aucune,3-personnalisation,"Notification descriptor whose on/off and channel belong to the user-facing notifications catalogue, an explicitly personalization domain.",,
AutostartService.DefaultEnabled,Deckle.Shell,default-value,false,src/Deckle.Shell/AutostartService.cs:42,oui,"Added from the June inventory — the sweep missed it. June lists it as 'Start with Windows' / 'Autostart Enabled', hand-authored, registry-backed (HKCU Run). Expression-bodied static property, which is likely why the sweep's accessor filter dropped it; that same filter may have swallowed other real defaults repo-wide.",,,,,settings,3-personnalisation,"Start-with-Windows is a per-person behavior choice, already a settings-surfaced registry-backed toggle.",,
FileIdle,Deckle.Shell,tuning-constant,"""recording--indicator--false--32px.ico""",src/Deckle.Shell/IconAssets.cs:16,non,"Tray icon asset filename. Kept only under the doubt rule — a user could conceivably want a different tray icon, but this is an asset path, not a value.",,,,,aucune,2-qualite,"Tray icon asset path, a frozen visual design element, not a real per-user knob today.",,
FileRecording,Deckle.Shell,tuning-constant,"""recording--indicator--true--32px.ico""",src/Deckle.Shell/IconAssets.cs:17,non,Same as FileIdle — recording-state tray icon asset filename.,,,,,aucune,2-qualite,"Same as FileIdle, frozen recording-state icon asset.",,
CoverGeometry.RevealZoneDepth,Deckle.Shell.TaskbarCover,tuning-constant,192,src/Deckle.Shell.TaskbarCover/CoverGeometry.cs:26,non,"Source comment states it outright: ported from the standalone utility (EDGE_ZONE), calibrated in daily use, deliberately a constant and not a setting. TaskbarCoverSettings.cs:10-12 restates the freeze. Still an exposable per the glossary, but arbitration is already written into the code.",,,,px,aucune,2-qualite,"Calibrated-in-daily-use geometry the code explicitly freezes as a constant, quality calibration.",,
TaskbarCoverHost.RecoverDelayMs,Deckle.Shell.TaskbarCover,tuning-constant,5000,src/Deckle.Shell.TaskbarCover/TaskbarCoverHost.cs:40,non,"Same explicit freeze: ported HIDE_DELAY, calibrated in daily use, a constant and not a setting. Highly user-perceivable - how long the taskbar stays revealed.",,,,ms,aucune,2-qualite,"User-perceivable but explicitly frozen calibrated timing; maintainer arbitration in code keeps it quality tuning, not a preference.",,
TaskbarCoverSettings.Enabled,Deckle.Shell.TaskbarCover,persisted-setting,false,src/Deckle.Shell.TaskbarCover/TaskbarCoverSettings.cs:8,oui,,,,,,tray,3-personnalisation,"On/off behavior toggle for the taskbar cover, a clear per-person preference already surfaced in the tray.",,
CursorExcludeHalfExtent,Deckle.Shell.TrayMenu,tuning-constant,18,src/Deckle.Shell.TrayMenu/TrayContextMenuHost.cs:54,non,"Physical-pixel exclusion margin keeping the tray flyout off the tray icon (36px slot at 100% DPI). Derived from a system metric, not a taste knob.",,,,px,aucune,1-robustesse,"Exclusion margin derived from a system metric, structural placement bound, not taste.",,
FlyoutFrameMargin,Deckle.Shell.TrayMenu,tuning-constant,4.0,src/Deckle.Shell.TrayMenu/TrayContextMenuHost.cs:61,non,Fallback-path chrome margin for MeasureFlyout. Comment says it is imprecise by nature and no longer drives the nominal path (which reads the real presenter DesiredSize). Likely dead-weight rather than exposable.,,,,dip,aucune,1-robustesse,"Fallback-path measurement fudge, an internal robustness margin likely dead-weight.",,
ChatterboxSpeechBackend.SampleRate,Deckle.Speech,tuning-constant,24000,src/Deckle.Speech/ChatterboxSpeechBackend.cs:17,non,"Kept under doubt. Duplicate of OutputSampleRate (same 24 kHz, two declaration sites). Model-imposed format constant; dedup by value before any count.",,,,Hz,aucune,1-robustesse,"Model-imposed 24 kHz output format, a frozen internal contract duplicated with OutputSampleRate.",,
SpeechEngine.OutputSampleRate,Deckle.Speech,tuning-constant,24000,src/Deckle.Speech/SpeechEngine.cs:22,non,"Kept under doubt. private const, output render rate fixed at Chatterbox S3Gen's 24 kHz — dictated by the model, not a taste knob. Likely frozen-in-code, not exposable.",,,,Hz,aucune,1-robustesse,"Render rate dictated by Chatterbox S3Gen; frozen-in-code format constant, not a knob.",,
SpeechSettings.Enabled,Deckle.Speech,persisted-setting,false,src/Deckle.Speech/SpeechSettings.cs:18,oui,"Verified. Persisted to <UserDataRoot>/modules/speech/settings.json via SpeechSettingsService. No consumer today: the read-aloud hotkey (Alt+Win+`) fires regardless of Enabled, per the class comment. Dormant skeleton — June lacuna #7.",,,,,aucune,3-personnalisation,"Module on/off behavior toggle, a legitimate per-user choice even if the wiring is currently dormant.",,
SpeechSettings.Temperature,Deckle.Speech,persisted-setting,0.6,src/Deckle.Speech/SpeechSettings.cs:27,oui,"Verified. Comment gives practical range [0.5, 0.7] (below 0.5 robotic) — a UI range hint the sweep does not carry. Ignored by the stub backend.",,,,,aucune,3-personnalisation,"Voice expressiveness taste: 'higher = livelier but less stable voice' passes the one-sentence tie-break, and code carries a UI range hint.",,
SpeechSettings.Voice,Deckle.Speech,persisted-setting,SpeechVoice.Pierre,src/Deckle.Speech/SpeechSettings.cs:22,oui,"Verified. Closed enum {Pierre, Jessica} (FR reference clips). Wired through to ISpeechBackend.SynthesizeAsync but ignored by the Chatterbox stub. Enum set flagged in code as revisitable at the ONNX palier.",,,,,aucune,3-personnalisation,Voice choice from a closed enum is the textbook personalization setting.,,
ConfidenceSettings.EntropyThreshold,Deckle.Transcription,persisted-setting,`2.4`,src/Deckle.Transcription/TranscriptionSettings.cs:109,oui,,1.5,3.5,0.1,,settings,2-qualite,"Whisper decode-confidence threshold, pure model-inference tuning with no one-sentence user story.",,
ConfidenceSettings.LogprobThreshold,Deckle.Transcription,persisted-setting,`-1.0`,src/Deckle.Transcription/TranscriptionSettings.cs:110,oui,,-1.5,-0.4,0.05,,settings,2-qualite,Model-inference confidence tuning; inexplicable to a user in one sentence.,,
ConfidenceSettings.NoSpeechThreshold,Deckle.Transcription,persisted-setting,`0.6`,src/Deckle.Transcription/TranscriptionSettings.cs:111,oui,,0.05,0.80,0.05,ratio,settings,2-qualite,"No-speech probability cutoff, inference quality tuning.",,
ContextSettings.MaxTokens,Deckle.Transcription,persisted-setting,`-1`,src/Deckle.Transcription/TranscriptionSettings.cs:139,oui,,-1,448,1,count,settings,2-qualite,"Context-window token budget for inference, quality tuning not a user preference.",,
ContextSettings.UseContext,Deckle.Transcription,persisted-setting,`true`,src/Deckle.Transcription/TranscriptionSettings.cs:138,oui,,,,,,settings,2-qualite,"Toggles cross-segment context feeding; a quality/accuracy mechanism, not a personal choice.",,
CorpusTier.LongLowerBound,Deckle.Transcription,tuning-constant,`1000`,src/Deckle.Transcription/Corpus/CorpusTier.cs:19,non,Corpus telemetry tiering bucket; analysis-only — kept as borderline.,,,,count,aucune,4-diagnostics,"Corpus telemetry tiering bucket, analysis-only observability.",,
CorpusTier.MediumLowerBound,Deckle.Transcription,tuning-constant,`200`,src/Deckle.Transcription/Corpus/CorpusTier.cs:18,non,Corpus telemetry tiering bucket; analysis-only — kept as borderline.,,,,count,aucune,4-diagnostics,"Corpus telemetry tiering bucket, analysis-only observability.",,
CorpusTier.ShortLowerBound,Deckle.Transcription,tuning-constant,`30`,src/Deckle.Transcription/Corpus/CorpusTier.cs:17,non,"Corpus telemetry tiering bucket; analysis-only, not user-perceivable — kept as borderline.",,,,count,aucune,4-diagnostics,"Corpus telemetry tiering bucket, analysis-only observability.",,
CorpusTier.VeryLongLowerBound,Deckle.Transcription,tuning-constant,`3000`,src/Deckle.Transcription/Corpus/CorpusTier.cs:20,non,Corpus telemetry tiering bucket; analysis-only — kept as borderline.,,,,count,aucune,4-diagnostics,"Corpus telemetry tiering bucket, analysis-only observability.",,
DecodingSettings.BeamSize,Deckle.Transcription,persisted-setting,`5`,src/Deckle.Transcription/TranscriptionSettings.cs:130,oui,,1,10,1,count,settings,2-qualite,"Beam-search width, model-inference tuning (accuracy/latency internals, not a user-facing story).",,
DecodingSettings.Temperature,Deckle.Transcription,persisted-setting,`0.0`,src/Deckle.Transcription/TranscriptionSettings.cs:123,oui,,0,1,0.1,,settings,2-qualite,"Sampling temperature, pure decode tuning.",,
DecodingSettings.TemperatureIncrement,Deckle.Transcription,persisted-setting,`0.2`,src/Deckle.Transcription/TranscriptionSettings.cs:124,oui,,0,1,0.1,,settings,2-qualite,"Fallback temperature step, decode tuning.",,
DecodingSettings.UseBeamSearch,Deckle.Transcription,persisted-setting,`true`,src/Deckle.Transcription/TranscriptionSettings.cs:129,oui,,,,,,settings,2-qualite,"Decode strategy toggle, inference tuning.",,
EnergySegmenter.FrameMs,Deckle.Transcription,tuning-constant,`50.0`,src/Deckle.Transcription/Streaming/EnergySegmenter.cs:57,non,Hard-coupled to WaveInLoop's 800-sample sub-window — cannot be changed alone.,,,,ms,aucune,1-robustesse,"Internal frame cadence hard-coupled to WaveInLoop's 800-sample sub-window; structural, frozen.",,
EnergySegmenterSettings.HangoverCurveX1,Deckle.Transcription,persisted-setting,`0.85`,src/Deckle.Transcription/Streaming/EnergySegmenterSettings.cs:53,non,"Persisted with no UI anywhere — June inventory gap #5 flags it, no table row.",0,1,0.01,ratio,playground,2-qualite,"VAD hangover curve point, DSP tuning; surface already Playground, stays there.",,
EnergySegmenterSettings.HangoverCurveX2,Deckle.Transcription,persisted-setting,`0.90`,src/Deckle.Transcription/Streaming/EnergySegmenterSettings.cs:55,non,Persisted with no UI anywhere — June inventory gap #5 only.,0,1,0.01,ratio,playground,2-qualite,"VAD hangover curve point, DSP tuning; Playground-only life.",,
EnergySegmenterSettings.HangoverCurveY1,Deckle.Transcription,persisted-setting,`0.10`,src/Deckle.Transcription/Streaming/EnergySegmenterSettings.cs:54,non,Persisted with no UI anywhere — June inventory gap #5 only.,0,1,0.01,ratio,playground,2-qualite,"VAD hangover curve point, DSP tuning; Playground-only life.",,
EnergySegmenterSettings.HangoverCurveY2,Deckle.Transcription,persisted-setting,`0.25`,src/Deckle.Transcription/Streaming/EnergySegmenterSettings.cs:56,non,Persisted with no UI anywhere — June inventory gap #5 only.,0,1,0.01,ratio,playground,2-qualite,"VAD hangover curve point, DSP tuning; Playground-only life.",,
EnergySegmenterSettings.HangoverMaxMs,Deckle.Transcription,persisted-setting,`5_000`,src/Deckle.Transcription/Streaming/EnergySegmenterSettings.cs:49,oui,,500,15000,100,ms,"settings, playground",2-qualite,"VAD hangover bound, segmentation quality tuning; frozen in Settings, alive in Playground.",,
EnergySegmenterSettings.HangoverMinMs,Deckle.Transcription,persisted-setting,`500`,src/Deckle.Transcription/Streaming/EnergySegmenterSettings.cs:50,oui,,100,2000,50,ms,"settings, playground",2-qualite,"VAD hangover bound, segmentation quality tuning; Playground keeps it.",,
EnergySegmenterSettings.HangoverRampEndMs,Deckle.Transcription,persisted-setting,`120_000`,src/Deckle.Transcription/Streaming/EnergySegmenterSettings.cs:52,oui,,30000,900000,5000,ms,"settings, playground",2-qualite,"VAD hangover ramp calibration, quality tuning.",,
EnergySegmenterSettings.HangoverRampStartMs,Deckle.Transcription,persisted-setting,`15_000`,src/Deckle.Transcription/Streaming/EnergySegmenterSettings.cs:51,oui,,0,600000,5000,ms,"settings, playground",2-qualite,"VAD hangover ramp calibration, quality tuning.",,
EnergySegmenterSettings.MarginMs,Deckle.Transcription,persisted-setting,`150`,src/Deckle.Transcription/Streaming/EnergySegmenterSettings.cs:57,oui,,0,1000,50,ms,"settings, playground",2-qualite,"Segment margin padding, VAD quality tuning.",,
EnergySegmenterSettings.MinUtteranceMs,Deckle.Transcription,persisted-setting,`250`,src/Deckle.Transcription/Streaming/EnergySegmenterSettings.cs:58,oui,,0,2000,50,ms,"settings, playground",2-qualite,"Minimum utterance gate, VAD quality tuning.",,
EnergySegmenterSettings.ThresholdDbfs,Deckle.Transcription,persisted-setting,`-45.0`,src/Deckle.Transcription/Streaming/EnergySegmenterSettings.cs:48,oui,,-90,0,1,dBFS,"settings, playground",2-qualite,"VAD energy threshold, the archetypal quality knob; Playground keeps it.",,
EngineSettings.CarryInitialPrompt,Deckle.Transcription,persisted-setting,`true`,src/Deckle.Transcription/TranscriptionSettings.cs:101,oui,,,,,,aucune,2-qualite,"Whether the seed prompt is carried across segments — inference context tuning, not a personal preference.",,
EngineSettings.InitialPrompt,Deckle.Transcription,persisted-setting,"`""Bon. Je suis en train de coder une application Windows, ..."" (7-line French seed prompt)`",src/Deckle.Transcription/TranscriptionSettings.cs:91,oui,"Missed by the sweep (multi-line string concat initializer). Real persisted setting, hand-authored in WhisperPage.",,,,,settings,3-personnalisation,Hand-authored personal seed prompt (own vocabulary and context); varies per person by nature.,,
EngineSettings.Language,Deckle.Transcription,persisted-setting,"`""fr""`",src/Deckle.Transcription/TranscriptionSettings.cs:90,oui,,,,,,settings,3-personnalisation,Spoken language is the canonical per-person setting.,,
EngineSettings.Model,Deckle.Transcription,persisted-setting,"`""ggml-base.bin""`",src/Deckle.Transcription/TranscriptionSettings.cs:88,oui,,,,,,settings,3-personnalisation,"Model choice; the tie-break's own example — bigger model = more accurate, slower — so personalization wins.",,
EngineSettings.UseGpu,Deckle.Transcription,persisted-setting,`true`,src/Deckle.Transcription/TranscriptionSettings.cs:89,oui,,,,,,settings,3-personnalisation,"Hardware selection (GPU vs CPU), explainable in one sentence and machine-dependent.",,
HangoverCurveCanvas.GutterBottom,Deckle.Transcription,tuning-constant,`24.0`,src/Deckle.Transcription/Ui/Controls/HangoverCurveCanvas.xaml.cs:51,non,Canvas layout geometry.,,,,px,aucune,2-qualite,"Control layout geometry, design-owned rendering tuning; frozen.",,
HangoverCurveCanvas.GutterLeft,Deckle.Transcription,tuning-constant,`46.0`,src/Deckle.Transcription/Ui/Controls/HangoverCurveCanvas.xaml.cs:50,non,"Canvas layout geometry; belongs to the control's design, not settings.",,,,px,aucune,2-qualite,"Control layout geometry, design-owned; frozen.",,
HangoverCurveCanvas.HandleSize,Deckle.Transcription,tuning-constant,`24.0`,src/Deckle.Transcription/Ui/Controls/HangoverCurveCanvas.xaml.cs:57,non,Canvas hit-target size; accessibility-relevant but design-owned.,,,,px,aucune,2-qualite,"Hit-target size of the curve control, design-owned rendering tuning.",,
HangoverCurveCanvas.PadRight,Deckle.Transcription,tuning-constant,`14.0`,src/Deckle.Transcription/Ui/Controls/HangoverCurveCanvas.xaml.cs:53,non,Canvas layout geometry.,,,,px,aucune,2-qualite,"Control layout geometry, design-owned; frozen.",,
HangoverCurveCanvas.PadTop,Deckle.Transcription,tuning-constant,`12.0`,src/Deckle.Transcription/Ui/Controls/HangoverCurveCanvas.xaml.cs:52,non,Canvas layout geometry.,,,,px,aucune,2-qualite,"Control layout geometry, design-owned; frozen.",,
HangoverCurveCanvas.SampleCount,Deckle.Transcription,tuning-constant,`96`,src/Deckle.Transcription/Ui/Controls/HangoverCurveCanvas.xaml.cs:45,non,"HangoverCurveCanvas render resolution; visual quality, not a setting.",,,,count,aucune,2-qualite,"Curve render resolution, visual quality tuning of the control.",,
HangoverCurveCanvas.TickLength,Deckle.Transcription,tuning-constant,`4.0`,src/Deckle.Transcription/Ui/Controls/HangoverCurveCanvas.xaml.cs:54,non,Canvas layout geometry.,,,,px,aucune,2-qualite,"Control layout geometry, design-owned; frozen.",,
OutputFilterSettings.SuppressBlank,Deckle.Transcription,persisted-setting,`true`,src/Deckle.Transcription/TranscriptionSettings.cs:117,oui,,,,,,settings,2-qualite,"Whisper output-cleanup tuning; a sane-default quality mechanism, not a preference.",,
OutputFilterSettings.SuppressNonSpeechTokens,Deckle.Transcription,persisted-setting,`true`,src/Deckle.Transcription/TranscriptionSettings.cs:116,oui,,,,,,settings,2-qualite,"Non-speech token suppression, output quality tuning.",,
OutputFilterSettings.SuppressRegex,Deckle.Transcription,persisted-setting,"`""""`",src/Deckle.Transcription/TranscriptionSettings.cs:118,oui,,,,,,settings,3-personnalisation,"User-authored suppression pattern — inherently personal content, explainable as 'hide text matching your pattern'.",,
RecordingHostAdapter.DISPOSE_WORKER_JOIN_TIMEOUT_MS,Deckle.Transcription,tuning-constant,`30_000`,src/Deckle.Transcription/Engine/TranscriptionEngine.cs:428,non,Shutdown robustness timeout; borderline implementation constant.,,,,ms,aucune,1-robustesse,"Shutdown worker-join timeout, internal robustness bound; frozen.",,
SpeechTrimSettings.Enabled,Deckle.Transcription,persisted-setting,`true`,src/Deckle.Transcription/TranscriptionSettings.cs:64,oui,,,,,,settings,2-qualite,"Silero-style speech-trim toggle, part of the VAD/DSP quality block.",,
SpeechTrimSettings.MinSilenceDurationMs,Deckle.Transcription,persisted-setting,`100`,src/Deckle.Transcription/TranscriptionSettings.cs:76,oui,,0,1000,50,ms,settings,2-qualite,"VAD trim threshold, quality tuning.",,
SpeechTrimSettings.MinSpeechDurationMs,Deckle.Transcription,persisted-setting,`250`,src/Deckle.Transcription/TranscriptionSettings.cs:72,oui,,0,1000,50,ms,settings,2-qualite,"VAD trim threshold, quality tuning.",,
SpeechTrimSettings.SpeechPadMs,Deckle.Transcription,persisted-setting,`30`,src/Deckle.Transcription/TranscriptionSettings.cs:80,oui,,0,200,10,ms,settings,2-qualite,"VAD padding, quality tuning.",,
SpeechTrimSettings.Threshold,Deckle.Transcription,persisted-setting,`0.5f`,src/Deckle.Transcription/TranscriptionSettings.cs:69,oui,,0.1,0.9,0.05,ratio,settings,2-qualite,"VAD probability threshold, quality tuning.",,
StreamingSettings.Segmenter,Deckle.Transcription,persisted-setting,`new()`,src/Deckle.Transcription/TranscriptionSettings.cs:46,oui,"Section container, not a knob.",,,,,aucune,2-qualite,Section container whose members are all VAD quality tuning; follows its content.,,
StreamingSettings.SpeechTrim,Deckle.Transcription,persisted-setting,`new()`,src/Deckle.Transcription/TranscriptionSettings.cs:47,oui,"Section container, not a knob.",,,,,aucune,2-qualite,Section container of the speech-trim quality block; follows its content.,,
StreamingSettings.Strategy,Deckle.Transcription,persisted-setting,`PipelineStrategyKind.Monolithic`,src/Deckle.Transcription/TranscriptionSettings.cs:45,oui,,,,,,settings,3-personnalisation,"Pipeline behavior choice explainable in one sentence (streaming shows text as you speak, monolithic waits for the end); tie-break resolves to personalization.",,
TranscriptionEngine.PrimingTailWords,Deckle.Transcription,tuning-constant,`30`,src/Deckle.Transcription/Engine/TranscriptionEngine.StreamingPipeline.cs:513,non,Comment says explicitly 'not exposed and not yet tuned' — a genuine untuned exposable.,,,,count,aucune,2-qualite,"Context-priming tail size, untuned inference tuning ('not exposed and not yet tuned'); frozen quality knob.",,
TranscriptionSettings.Confidence,Deckle.Transcription,persisted-setting,`new()`,src/Deckle.Transcription/TranscriptionSettings.cs:25,oui,"Section container, not a knob.",,,,,aucune,2-qualite,Section container of confidence inference tuning; follows its content.,,
TranscriptionSettings.Context,Deckle.Transcription,persisted-setting,`new()`,src/Deckle.Transcription/TranscriptionSettings.cs:28,oui,"Section container, not a knob.",,,,,aucune,2-qualite,Section container of context inference tuning; follows its content.,,
TranscriptionSettings.Decoding,Deckle.Transcription,persisted-setting,`new()`,src/Deckle.Transcription/TranscriptionSettings.cs:27,oui,"Section container, not a knob.",,,,,aucune,2-qualite,Section container of decode tuning; follows its content.,,
TranscriptionSettings.Engine,Deckle.Transcription,persisted-setting,`new()`,src/Deckle.Transcription/TranscriptionSettings.cs:24,oui,"Section container (nested POCO), not a knob itself.",,,,,aucune,3-personnalisation,"Section container whose members (model, language, GPU, prompt) are mostly personalization; follows its content.",,
TranscriptionSettings.FileTranscriptionOutputDirectory,Deckle.Transcription,persisted-setting,"`""""`",src/Deckle.Transcription/TranscriptionSettings.cs:22,non,"Persisted, empty sentinel = Desktop. Absent from the June inventory — likely added after it.",,,,,settings,3-personnalisation,"Personal output path preference (empty = Desktop), legitimately varies per person.",,
TranscriptionSettings.ModelsDirectory,Deckle.Transcription,persisted-setting,"`""""`",src/Deckle.Transcription/TranscriptionSettings.cs:16,oui,,,,,,settings,3-personnalisation,"Local storage path for models, per-machine/per-person choice.",,
TranscriptionSettings.OutputFilters,Deckle.Transcription,persisted-setting,`new()`,src/Deckle.Transcription/TranscriptionSettings.cs:26,oui,"Section container, not a knob.",,,,,aucune,2-qualite,Section container of output-filter tuning; follows its dominant content (regex member classified separately).,,
TranscriptionSettings.Streaming,Deckle.Transcription,persisted-setting,`new()`,src/Deckle.Transcription/TranscriptionSettings.cs:29,oui,"Section container, not a knob.",,,,,aucune,2-qualite,Section container of streaming/VAD tuning; follows its content.,,
WavCorpusWriter.AudioSubfolder,Deckle.Transcription,tuning-constant,"`""audio""`",src/Deckle.Transcription/Corpus/WavCorpusWriter.cs:35,non,"Corpus folder name; path convention, not a tuning knob.",,,,,aucune,4-diagnostics,"Path convention of the corpus recording tool, observability plumbing.",,
WavCorpusWriter.BitsPerSample,Deckle.Transcription,tuning-constant,`16`,src/Deckle.Transcription/Corpus/WavCorpusWriter.cs:33,non,WAV corpus format constant; not tunable in practice.,,,,bits,aucune,4-diagnostics,Frozen format constant of the corpus event-recording tool.,,
WavCorpusWriter.NumChannels,Deckle.Transcription,tuning-constant,`1`,src/Deckle.Transcription/Corpus/WavCorpusWriter.cs:34,non,WAV corpus format constant; not tunable in practice.,,,,count,aucune,4-diagnostics,Frozen format constant of the corpus event-recording tool.,,
WavCorpusWriter.SampleRate,Deckle.Transcription,tuning-constant,`16_000`,src/Deckle.Transcription/Corpus/WavCorpusWriter.cs:32,non,"WAV corpus format, dictated by Whisper's 16 kHz mono contract; not tunable in practice.",,,,Hz,aucune,4-diagnostics,Corpus recording format pinned to Whisper's 16 kHz contract; recording-tool constant.,,
DefaultModelFileName,Deckle.Transcription.Whisper,tuning-constant,"`""ggml-base.bin""`",src/Deckle.Transcription.Whisper/Setup/SpeechModels.cs:29,non,"June records the Whisper model default as EngineSettings.Model = ggml-large-v3.bin (Deckle.Transcription). Two defaults coexist: this one is the no-override install target, base on purpose so the first-run path is not a 3 GB download.",,,,,aucune,3-personnalisation,"Install-time default of the model-choice knob (base, to avoid a 3 GB first-run download); the underlying knob is the classic accuracy-vs-speed personalization.",,
DefaultLanguage,Deckle.Travel,tuning-constant,"""fr""",src/Deckle.Travel/TravelTerms.cs:13,non,,,,,,aucune,3-personnalisation,"Language of the Travel terms pack is a legitimate per-user choice, the classic personalization case.",,
MaxBatchSize,Deckle.Travel,tuning-constant,100,src/Deckle.Travel/TravelGestures.cs:14,non,caps a single batched gesture; user-perceivable only at the ceiling,,,,count,aucune,1-robustesse,"Internal cap on a single batched gesture, a safety/robustness bound, frozen by default.",,
PageLimit,Deckle.Travel,tuning-constant,1000,src/Deckle.Travel/TravelObjects.cs:105,non,pagination page size; perf-only unless a ceiling becomes user-perceivable,,,,count,aucune,1-robustesse,"Pagination page size, a perf-only internal buffer bound.",,
ReadTagsAsync.limit,Deckle.Travel,tuning-constant,100,src/Deckle.Travel/TravelPropertyWriter.cs:135,non,"local pagination page size inside ReadTagsAsync; perf-only, kept per doubt rule",,,,count,aucune,1-robustesse,"Local pagination page size, internal perf bound with no user-facing meaning.",,
language,Deckle.Travel,json-default,"""fr""",src/Deckle.Travel/Terms/terms.fr.json:2,non,,,,,,aucune,3-personnalisation,"Locale tag of the terms pack; follows DefaultLanguage, the per-user language choice.",,
options.activity_category.evening,Deckle.Travel,json-default,"""Soirée""",src/Deckle.Travel/Terms/terms.fr.json:40,non,,,,,,aucune,3-personnalisation,"Localized vocabulary string; varies only with the chosen language, not an individual knob.",,
options.activity_category.meal,Deckle.Travel,json-default,"""Repas""",src/Deckle.Travel/Terms/terms.fr.json:42,non,,,,,,aucune,3-personnalisation,"Localized vocabulary string; varies only with the chosen language, not an individual knob.",,
options.activity_category.other,Deckle.Travel,json-default,"""Autre""",src/Deckle.Travel/Terms/terms.fr.json:43,non,,,,,,aucune,3-personnalisation,"Localized vocabulary string; varies only with the chosen language, not an individual knob.",,
options.activity_category.sport,Deckle.Travel,json-default,"""Sport""",src/Deckle.Travel/Terms/terms.fr.json:41,non,,,,,,aucune,3-personnalisation,"Localized vocabulary string; varies only with the chosen language, not an individual knob.",,
options.activity_category.visit,Deckle.Travel,json-default,"""Visite""",src/Deckle.Travel/Terms/terms.fr.json:39,non,,,,,,aucune,3-personnalisation,"Localized vocabulary string; varies only with the chosen language, not an individual knob.",,
options.activity_category.walk,Deckle.Travel,json-default,"""Marche""",src/Deckle.Travel/Terms/terms.fr.json:38,non,,,,,,aucune,3-personnalisation,"Localized vocabulary string; varies only with the chosen language, not an individual knob.",,
options.expense_category.activity,Deckle.Travel,json-default,"""Activité""",src/Deckle.Travel/Terms/terms.fr.json:49,non,,,,,,aucune,3-personnalisation,"Localized closed-vocabulary label; language-dependent resource, not an individual knob.",,
options.expense_category.fees,Deckle.Travel,json-default,"""Frais""",src/Deckle.Travel/Terms/terms.fr.json:51,non,,,,,,aucune,3-personnalisation,"Localized closed-vocabulary label; language-dependent resource, not an individual knob.",,
options.expense_category.food,Deckle.Travel,json-default,"""Restauration""",src/Deckle.Travel/Terms/terms.fr.json:48,non,,,,,,aucune,3-personnalisation,"Localized closed-vocabulary label; language-dependent resource, not an individual knob.",,
options.expense_category.lodging,Deckle.Travel,json-default,"""Hébergement""",src/Deckle.Travel/Terms/terms.fr.json:47,non,,,,,,aucune,3-personnalisation,"Localized closed-vocabulary label; language-dependent resource, not an individual knob.",,
options.expense_category.other,Deckle.Travel,json-default,"""Autre""",src/Deckle.Travel/Terms/terms.fr.json:52,non,,,,,,aucune,3-personnalisation,"Localized closed-vocabulary label; language-dependent resource, not an individual knob.",,
options.expense_category.purchase,Deckle.Travel,json-default,"""Achat""",src/Deckle.Travel/Terms/terms.fr.json:50,non,,,,,,aucune,3-personnalisation,"Localized closed-vocabulary label; language-dependent resource, not an individual knob.",,
options.expense_category.transport,Deckle.Travel,json-default,"""Transport""",src/Deckle.Travel/Terms/terms.fr.json:46,non,,,,,,aucune,3-personnalisation,"Localized closed-vocabulary label; language-dependent resource, not an individual knob.",,
options.mode.bus,Deckle.Travel,json-default,"""Bus""",src/Deckle.Travel/Terms/terms.fr.json:57,non,,,,,,aucune,3-personnalisation,"Localized transfer-mode label; language-dependent resource, not an individual knob.",,
options.mode.car,Deckle.Travel,json-default,"""Voiture""",src/Deckle.Travel/Terms/terms.fr.json:59,non,,,,,,aucune,3-personnalisation,"Localized transfer-mode label; language-dependent resource, not an individual knob.",,
options.mode.ferry,Deckle.Travel,json-default,"""Ferry""",src/Deckle.Travel/Terms/terms.fr.json:58,non,,,,,,aucune,3-personnalisation,"Localized transfer-mode label; language-dependent resource, not an individual knob.",,
options.mode.plane,Deckle.Travel,json-default,"""Avion""",src/Deckle.Travel/Terms/terms.fr.json:55,non,,,,,,aucune,3-personnalisation,"Localized transfer-mode label; language-dependent resource, not an individual knob.",,
options.mode.train,Deckle.Travel,json-default,"""Train""",src/Deckle.Travel/Terms/terms.fr.json:56,non,,,,,,aucune,3-personnalisation,"Localized transfer-mode label; language-dependent resource, not an individual knob.",,
properties.accessibility,Deckle.Travel,json-default,"""Accessibilité""",src/Deckle.Travel/Terms/terms.fr.json:21,non,,,,,,aucune,3-personnalisation,Localized property label; only meaningful through the language choice.,,
properties.activity_category,Deckle.Travel,json-default,"""Catégorie""",src/Deckle.Travel/Terms/terms.fr.json:27,non,,,,,,aucune,3-personnalisation,Localized property label; only meaningful through the language choice.,,
properties.address,Deckle.Travel,json-default,"""Adresse""",src/Deckle.Travel/Terms/terms.fr.json:22,non,,,,,,aucune,3-personnalisation,Localized property label; only meaningful through the language choice.,,
properties.amount,Deckle.Travel,json-default,"""Montant""",src/Deckle.Travel/Terms/terms.fr.json:26,non,,,,,,aucune,3-personnalisation,Localized property label; only meaningful through the language choice.,,
properties.appointment,Deckle.Travel,json-default,"""RDV""",src/Deckle.Travel/Terms/terms.fr.json:16,non,,,,,,aucune,3-personnalisation,Localized property label; only meaningful through the language choice.,,
properties.arrival,Deckle.Travel,json-default,"""Arrivée""",src/Deckle.Travel/Terms/terms.fr.json:17,non,,,,,,aucune,3-personnalisation,Localized property label; only meaningful through the language choice.,,
properties.confirmation,Deckle.Travel,json-default,"""Référence""",src/Deckle.Travel/Terms/terms.fr.json:24,non,,,,,,aucune,3-personnalisation,Localized property label; only meaningful through the language choice.,,
properties.date,Deckle.Travel,json-default,"""Date""",src/Deckle.Travel/Terms/terms.fr.json:15,non,,,,,,aucune,3-personnalisation,Localized property label; only meaningful through the language choice.,,
properties.departure,Deckle.Travel,json-default,"""Départ""",src/Deckle.Travel/Terms/terms.fr.json:18,non,,,,,,aucune,3-personnalisation,Localized property label; only meaningful through the language choice.,,
properties.duration,Deckle.Travel,json-default,"""Durée""",src/Deckle.Travel/Terms/terms.fr.json:19,non,,,,,,aucune,3-personnalisation,Localized property label; only meaningful through the language choice.,,
properties.end_date,Deckle.Travel,json-default,"""Fin""",src/Deckle.Travel/Terms/terms.fr.json:14,non,,,,,,aucune,3-personnalisation,Localized property label; only meaningful through the language choice.,,
properties.expense,Deckle.Travel,json-default,"""Dépense""",src/Deckle.Travel/Terms/terms.fr.json:34,non,,,,,,aucune,3-personnalisation,Localized property label; only meaningful through the language choice.,,
properties.expense_category,Deckle.Travel,json-default,"""Catégorie""",src/Deckle.Travel/Terms/terms.fr.json:28,non,,,,,,aucune,3-personnalisation,Localized property label; only meaningful through the language choice.,,
properties.files,Deckle.Travel,json-default,"""Fichiers""",src/Deckle.Travel/Terms/terms.fr.json:25,non,,,,,,aucune,3-personnalisation,Localized property label; only meaningful through the language choice.,,
properties.mode,Deckle.Travel,json-default,"""Mode""",src/Deckle.Travel/Terms/terms.fr.json:30,non,,,,,,aucune,3-personnalisation,Localized property label; only meaningful through the language choice.,,
properties.official_site,Deckle.Travel,json-default,"""Site officiel""",src/Deckle.Travel/Terms/terms.fr.json:23,non,,,,,,aucune,3-personnalisation,Localized property label; only meaningful through the language choice.,,
properties.place,Deckle.Travel,json-default,"""Lieu""",src/Deckle.Travel/Terms/terms.fr.json:33,non,,,,,,aucune,3-personnalisation,Localized property label; only meaningful through the language choice.,,
properties.place_category,Deckle.Travel,json-default,"""Catégorie""",src/Deckle.Travel/Terms/terms.fr.json:29,non,,,,,,aucune,3-personnalisation,Localized property label; only meaningful through the language choice.,,
properties.stage,Deckle.Travel,json-default,"""Étape""",src/Deckle.Travel/Terms/terms.fr.json:32,non,,,,,,aucune,3-personnalisation,Localized property label; only meaningful through the language choice.,,
properties.start_date,Deckle.Travel,json-default,"""Début""",src/Deckle.Travel/Terms/terms.fr.json:13,non,,,,,,aucune,3-personnalisation,Localized property label; only meaningful through the language choice.,,
properties.stay,Deckle.Travel,json-default,"""Séjour""",src/Deckle.Travel/Terms/terms.fr.json:31,non,,,,,,aucune,3-personnalisation,Localized property label; only meaningful through the language choice.,,
properties.visit_duration,Deckle.Travel,json-default,"""Durée de visite""",src/Deckle.Travel/Terms/terms.fr.json:20,non,,,,,,aucune,3-personnalisation,Localized property label; only meaningful through the language choice.,,
types.activity.name,Deckle.Travel,json-default,"""Activité""",src/Deckle.Travel/Terms/terms.fr.json:7,non,"missed by the sweep, which flattened the nested types block",,,,,aucune,3-personnalisation,"Localized type name; part of the language pack, not an individual knob.",,
types.activity.plural,Deckle.Travel,json-default,"""Activités""",src/Deckle.Travel/Terms/terms.fr.json:7,non,"missed by the sweep, which flattened the nested types block",,,,,aucune,3-personnalisation,"Localized type name; part of the language pack, not an individual knob.",,
types.expense.name,Deckle.Travel,json-default,"""Dépense""",src/Deckle.Travel/Terms/terms.fr.json:10,non,"missed by the sweep, which flattened the nested types block",,,,,aucune,3-personnalisation,"Localized type name; part of the language pack, not an individual knob.",,
types.expense.plural,Deckle.Travel,json-default,"""Dépenses""",src/Deckle.Travel/Terms/terms.fr.json:10,non,"missed by the sweep, which flattened the nested types block",,,,,aucune,3-personnalisation,"Localized type name; part of the language pack, not an individual knob.",,
types.lodging.name,Deckle.Travel,json-default,"""Hébergement""",src/Deckle.Travel/Terms/terms.fr.json:9,non,"missed by the sweep, which flattened the nested types block",,,,,aucune,3-personnalisation,"Localized type name; part of the language pack, not an individual knob.",,
types.lodging.plural,Deckle.Travel,json-default,"""Hébergements""",src/Deckle.Travel/Terms/terms.fr.json:9,non,"missed by the sweep, which flattened the nested types block",,,,,aucune,3-personnalisation,"Localized type name; part of the language pack, not an individual knob.",,
types.place.name,Deckle.Travel,json-default,"""Lieu""",src/Deckle.Travel/Terms/terms.fr.json:6,non,"missed by the sweep, which flattened the nested types block",,,,,aucune,3-personnalisation,"Localized type name; part of the language pack, not an individual knob.",,
types.place.plural,Deckle.Travel,json-default,"""Lieux""",src/Deckle.Travel/Terms/terms.fr.json:6,non,"missed by the sweep, which flattened the nested types block",,,,,aucune,3-personnalisation,"Localized type name; part of the language pack, not an individual knob.",,
types.stage.name,Deckle.Travel,json-default,"""Étape""",src/Deckle.Travel/Terms/terms.fr.json:5,non,"missed by the sweep, which flattened the nested types block",,,,,aucune,3-personnalisation,"Localized type name; part of the language pack, not an individual knob.",,
types.stage.plural,Deckle.Travel,json-default,"""Étapes""",src/Deckle.Travel/Terms/terms.fr.json:5,non,"missed by the sweep, which flattened the nested types block",,,,,aucune,3-personnalisation,"Localized type name; part of the language pack, not an individual knob.",,
types.stay.name,Deckle.Travel,json-default,"""Séjour""",src/Deckle.Travel/Terms/terms.fr.json:4,non,"missed by the sweep, which flattened the nested types block",,,,,aucune,3-personnalisation,"Localized type name; part of the language pack, not an individual knob.",,
types.stay.plural,Deckle.Travel,json-default,"""Séjours""",src/Deckle.Travel/Terms/terms.fr.json:4,non,"missed by the sweep, which flattened the nested types block",,,,,aucune,3-personnalisation,"Localized type name; part of the language pack, not an individual knob.",,
types.transfer.name,Deckle.Travel,json-default,"""Déplacement""",src/Deckle.Travel/Terms/terms.fr.json:8,non,"missed by the sweep, which flattened the nested types block",,,,,aucune,3-personnalisation,"Localized type name; part of the language pack, not an individual knob.",,
types.transfer.plural,Deckle.Travel,json-default,"""Déplacements""",src/Deckle.Travel/Terms/terms.fr.json:8,non,"missed by the sweep, which flattened the nested types block",,,,,aucune,3-personnalisation,"Localized type name; part of the language pack, not an individual knob.",,
MinSilenceDurationMs,Deckle.Vad,default-value,100,src/Deckle.Vad/SileroVadOptions.cs:18,non,"Sweep said persisted-setting; not persisted here. Mirrors SpeechTrimSettings.MinSilenceDurationMs (100), listed in June under Deckle.Transcription.",,,,ms,aucune,2-qualite,VAD silence-duration default mirroring the persisted SpeechTrimSettings knob; VAD tuning is the archetypal quality rule.,,
MinSpeechDurationMs,Deckle.Vad,default-value,250,src/Deckle.Vad/SileroVadOptions.cs:14,non,"Sweep said persisted-setting; not persisted here. Mirrors SpeechTrimSettings.MinSpeechDurationMs (250), listed in June under Deckle.Transcription.",,,,ms,aucune,2-qualite,"VAD minimum speech duration, quality tuning of segment detection.",,
SpeechPadMs,Deckle.Vad,default-value,30,src/Deckle.Vad/SileroVadOptions.cs:22,non,"Sweep said persisted-setting; not persisted here. Mirrors SpeechTrimSettings.SpeechPadMs (30), listed in June under Deckle.Transcription.",,,,ms,aucune,2-qualite,"Padding around detected speech, VAD quality tuning.",,
Threshold,Deckle.Vad,default-value,0.5f,src/Deckle.Vad/SileroVadOptions.cs:11,non,"Sweep said persisted-setting; SileroVadOptions is not itself persisted. June holds the mirrored persisted knob as SpeechTrimSettings.Threshold (0.5f) under Deckle.Transcription — same number, different home.",,,,ratio,aucune,2-qualite,"Silero VAD probability threshold, the canonical VAD quality knob; persisted twin lives under Deckle.Transcription.",,
FrameSampler.ContentPeakReleaseDecay,Deckle.Vision,tuning-constant,`0.97f`,src/Deckle.Vision/FrameSampler.cs:96,non,"Per-frame release of the HDR content-peak follower; directly shapes ambient-light responsiveness. Strongest Vision candidate, sits next to the June-listed Ambient HDR tuning block.",,,,ratio,aucune,2-qualite,"HDR peak-follower decay, DSP smoothing that shapes ambient responsiveness; quality tuning.",,
HdrState.SdrReferenceNits,Deckle.Vision,tuning-constant,`80f`,src/Deckle.Vision/ScreenCaptureInterop.Hdr.cs:78,non,"Method-local const inside DetectHdrState, not a type member - the sweep reported it as a field of HdrState. SDR reference-white fallback; a display-calibration value, arguably exposable.",,,,nits,aucune,2-qualite,"SDR reference-white fallback is a display calibration value; rule 2 covers calibrations, and it is not explainable to a user in one sentence.",,
ScreenCaptureService.AcquireTimeoutMs,Deckle.Vision,tuning-constant,`200`,src/Deckle.Vision/ScreenCaptureService.cs:61,non,Implementation robustness bound; kept per doubt rule.,,,,ms,aucune,1-robustesse,"Frame-acquire timeout, internal robustness bound.",,
ScreenCaptureService.ErrorBackoffMs,Deckle.Vision,tuning-constant,`500`,src/Deckle.Vision/ScreenCaptureService.cs:67,non,Implementation robustness bound.,,,,ms,aucune,1-robustesse,Error backoff on the capture loop.,,
ScreenCaptureService.HeartbeatIntervalMs,Deckle.Vision,tuning-constant,`5000`,src/Deckle.Vision/ScreenCaptureService.cs:88,non,"Source literal is 5_000. Log rollup cadence - diagnostic exposable, twin of the AmbientEngine.HeartbeatIntervalMs already flagged in the exposables inventory.",,,,ms,aucune,4-diagnostics,"Log rollup cadence, twin of the AmbientEngine heartbeat; observability.",,
ScreenCaptureService.MaxInvalidCallRecoveryAttempts,Deckle.Vision,tuning-constant,`10`,src/Deckle.Vision/ScreenCaptureService.cs:73,non,Implementation robustness bound; decides when Ambient gives up - user-perceivable only as a failure.,,,,count,aucune,1-robustesse,Recovery attempt count before giving up; robustness bound.,,
ScreenCaptureService.MaxUnexpectedRecreateAttempts,Deckle.Vision,tuning-constant,`5`,src/Deckle.Vision/ScreenCaptureService.cs:80,non,Implementation robustness bound; terminal-error threshold.,,,,count,aucune,1-robustesse,"Recreate attempt cap, terminal-error threshold.",,
ScreenCaptureService.RecreateExtendedBackoffMs,Deckle.Vision,tuning-constant,`5000`,src/Deckle.Vision/ScreenCaptureService.cs:79,non,Source literal is 5_000. Implementation robustness bound.,,,,ms,aucune,1-robustesse,Extended backoff of the recreate ladder.,,
ScreenCaptureService.RecreateInitialBackoffMs,Deckle.Vision,tuning-constant,`2000`,src/Deckle.Vision/ScreenCaptureService.cs:78,non,Source literal is 2_000. Implementation robustness bound.,,,,ms,aucune,1-robustesse,Initial backoff of the recreate ladder.,,
ScreenCaptureService.ThrottleIntervalMs,Deckle.Vision,tuning-constant,`66`,src/Deckle.Vision/ScreenCaptureService.cs:56,non,"~15 Hz capture cadence, deliberately coupled to the AmbientEngine push rate; not independently tunable without moving the engine too.",,,,ms,aucune,1-robustesse,"Internal capture cadence structurally coupled to the engine push rate; not independently tunable, frozen by default.",,
